"","Field","Variable","Mean","Sd","Min","Max"
"1","E1","Organic Matter (%)",4.1,0.436208410943413,3.70823603350103,4.58065285538786
"2","E1","Water Extractable Nitrate Nitrogen (mg/L)",6.5,1.21443173725181,5.24334604052597,7.67220951502959
"3","E1","Water Extractable Organic Carbon (mg/L)",120,19.880895352071,104.119104647929,143.880895352071
"4","E1","Water Extractable Organic Nitrogen (mg/L)",10,2.68007048000193,7.67548507555363,13.0356260355575
"5","E1","WEOC:WEON",12,2.81602556806574,9.61730776526759,15.2493589013991
"6","E1","Water Extractable Ammonium Nitrogen (mg/L)",1.2,1.92988197681735,0,3.15210419903957
"7","E1","CO2 Respiration (mg/L)",110,18.8886209131318,91.9447124202015,129.721954246465
"8","E1","Water Extractable Nitrogen (mg/L)",18,2.85997280484351,15.1622494173787,20.8821950270657
"9","E1","Microbially Active Carbon (%)",91,18.324763148386,72.7530146293918,109.402540926164
"10","E1","Aggstab1_2mm",40,14.1519531435692,25.4036024119864,53.7075086991247
"11","E1","CEC",21,2.46272207120495,18.7706112621284,23.6960554045383
"12","E1","Organic Nitrogen Release (mg/L)",10,2.68007048000193,7.67548507555363,13.0356260355575
"13","E1","H3A Extracted Nitrate (mg/L)",11,1.44173891919137,9.16937219191974,12.0528500303025
"14","E1","H3A Extracted Ammonium (mg/L)",2.8,0.72014659001561,2.0909645210955,3.53125770112672
"15","E1","H3A Extracted Phosphorous (mg/L)",14,4.78132942926035,9.10755945962854,18.6702183181492
"16","E1","H3A Extracted Inorganic Phosphorous (mg/L)",4,2.91094677229095,1.07794211659794,6.89983566117984
"17","E1","H3A Extracted Organic Phosphorous (mg/L)",9.9,1.99687255477159,7.90312744522841,11.8968725547716
"18","E1","H3A Extracted Sulfur (mg/L)",6.3,0.908295106229248,5.39170489377075,7.20829510622925
"19","E1","H3A Extracted Potassium (mg/L)",46,6.90008051482815,39.211030596283,53.0111916259393
"20","E1","H3A Extracted Calcium (mg/L)",470,44.9165893629514,426.416743970382,516.249922696285
"21","E1","H3A Extracted Aluminum (mg/L)",150,16.9443533695184,135.94453551937,169.833242258407
"22","E1","H3A Extracted Iron (mg/L)",84,9.26612708261176,74.8449840284994,93.3772381937229
"23","E1","H3A Extracted Zinc (mg/L)",0.52,0.0900617072407086,0.431049403870402,0.61117281835182
"24","E1","H3A Extracted Copper (mg/L)",0.23,0.135963638930087,0.0929252499588017,0.364852527818976
"25","E1","H3A Extracted Magnesium (mg/L)",100,9.34671659520663,91.7643945159045,110.457827706318
"26","E1","H3A Extracted Sodium (mg/L)",22,5.9791303715507,15.687536295116,27.6457970382174
"27","E1","SoilHealth",14,1.62367723940991,12.6918783161456,15.9392327949655
"28","E1","Carbon (%)",2.4,0.253609541246169,2.15595118226804,2.66317026476038
"29","E1","WEON:WEN",0.57,0.107594446431706,0.466788159795304,0.681977052658715
"30","E2","Organic Matter (%)",4.3,0.23094010767585,4.06905989232415,4.53094010767585
"31","E2","Water Extractable Nitrate Nitrogen (mg/L)",8,1.26348535333625,6.76222893237803,9.28919963905054
"32","E2","Water Extractable Organic Carbon (mg/L)",130,9.53689577128643,123.891675657285,142.965467199858
"33","E2","Water Extractable Organic Nitrogen (mg/L)",12,1.17392301199663,11.2403627022891,13.5882087262823
"34","E2","WEOC:WEON",11,0.84740500240159,9.9383092833127,11.6331192881159
"35","E2","Water Extractable Ammonium Nitrogen (mg/L)",0.78,0.51234753829798,0.26265246170202,1.28734753829798
"36","E2","CO2 Respiration (mg/L)",110,13.9113691086173,97.4457737485256,125.26851196576
"37","E2","Water Extractable Nitrogen (mg/L)",21,1.63590662208773,19.2212362350551,22.4930494792306
"38","E2","Microbially Active Carbon (%)",84,10.4722535892756,73.2420321250101,94.1865393035613
"39","E2","Aggstab1_2mm",52,3.05505046330389,48.9449495366961,55.0550504633039
"40","E2","CEC",24,2.08246648632497,21.617533513675,25.782466486325
"41","E2","Organic Nitrogen Release (mg/L)",12,1.17392301199663,11.2403627022891,13.5882087262823
"42","E2","H3A Extracted Nitrate (mg/L)",13,1.42561599050409,12.0458125809245,14.8970445619327
"43","E2","H3A Extracted Ammonium (mg/L)",2.9,1.06256652452805,1.86600490404338,3.99113795309948
"44","E2","H3A Extracted Phosphorous (mg/L)",17,3.38765264987284,13.46949020727,20.2447955070157
"45","E2","H3A Extracted Inorganic Phosphorous (mg/L)",5.3,2.12826779553791,3.21458934731923,7.47112493839506
"46","E2","H3A Extracted Organic Phosphorous (mg/L)",12,1.44617722683929,10.0681084874464,12.960462941125
"47","E2","H3A Extracted Sulfur (mg/L)",6.7,0.91599542523291,5.75543314619566,7.58742399666148
"48","E2","H3A Extracted Potassium (mg/L)",66,10.6525203814023,55.4903367614549,76.7953775242594
"49","E2","H3A Extracted Calcium (mg/L)",530,61.2994212665915,467.272007304837,589.87084983802
"50","E2","H3A Extracted Aluminum (mg/L)",140,12.2338328690017,122.766167130998,147.233832869002
"51","E2","H3A Extracted Iron (mg/L)",76,7.79804615333378,68.0590967038091,83.6551890104766
"52","E2","H3A Extracted Zinc (mg/L)",0.79,0.185369643582505,0.600344642131781,0.97108392929679
"53","E2","H3A Extracted Copper (mg/L)",0.13,0.0251661147842358,0.104833885215764,0.155166114784236
"54","E2","H3A Extracted Magnesium (mg/L)",110,5.28249580262606,100.003218483088,110.56821008834
"55","E2","H3A Extracted Sodium (mg/L)",19,4.14039335605413,15.002463786803,23.2832504989113
"56","E2","SoilHealth",15,1.06008535146042,13.7113432199682,15.831513922889
"57","E2","Carbon (%)",2.5,0.134267504462702,2.3657324955373,2.6342675044627
"58","E2","WEON:WEN",0.6,0.0598394866260887,0.537224201488478,0.656903174740655
"59","E3","Organic Matter (%)",4.2,0.484767985741633,3.7485653475917,4.71810131907497
"60","E3","Water Extractable Nitrate Nitrogen (mg/L)",6.7,2.4829675345799,4.25258802097566,9.21852309013545
"61","E3","Water Extractable Organic Carbon (mg/L)",140,15.4847595324492,126.070796023106,157.040315088005
"62","E3","Water Extractable Organic Nitrogen (mg/L)",12,2.05311416579249,9.89133027865196,13.9975586102369
"63","E3","WEOC:WEON",12,1.5300689890038,10.4810421221073,13.5411801001149
"64","E3","Water Extractable Ammonium Nitrogen (mg/L)",0.97,0.665832811847939,0.300833854818727,1.63249947851461
"65","E3","CO2 Respiration (mg/L)",120,11.0584557893245,104.219321988453,126.336233567102
"66","E3","Water Extractable Nitrogen (mg/L)",19,3.82702379285929,15.1840873182518,22.8381349039704
"67","E3","Microbially Active Carbon (%)",82,8.89508291136176,73.1715837553049,90.9617495780284
"68","E3","Aggstab1_2mm",52,7.22841614740048,44.4382505192662,58.8950828140671
"69","E3","CEC",21,2.23519822635736,18.5536906625315,23.0240871152463
"70","E3","Organic Nitrogen Release (mg/L)",12,2.05311416579249,9.89133027865196,13.9975586102369
"71","E3","H3A Extracted Nitrate (mg/L)",12,3.48297446317241,8.10591442571648,15.0718633520613
"72","E3","H3A Extracted Ammonium (mg/L)",2.8,0.719374728496908,2.04729193816976,3.48604139516357
"73","E3","H3A Extracted Phosphorous (mg/L)",17,2.63523138347365,14.1425463943041,19.4130091612514
"74","E3","H3A Extracted Inorganic Phosphorous (mg/L)",5.2,1.48529832394409,3.72581278716703,6.6964094350552
"75","E3","H3A Extracted Organic Phosphorous (mg/L)",12,1.27279220613579,10.2938744605309,12.8394588728025
"76","E3","H3A Extracted Sulfur (mg/L)",7.1,0.509356892997871,6.61286532922435,7.63157911522009
"77","E3","H3A Extracted Potassium (mg/L)",61,14.8155323900291,46.1844676099709,75.815532390029
"78","E3","H3A Extracted Calcium (mg/L)",580,53.651136469272,527.126641308506,634.42891424705
"79","E3","H3A Extracted Aluminum (mg/L)",150,17.9567381348742,130.821039642904,166.734515912652
"80","E3","H3A Extracted Iron (mg/L)",74,7.66666666666667,65.8888888888889,81.2222222222222
"81","E3","H3A Extracted Zinc (mg/L)",0.96,0.587149422587168,0.37062835519061,1.54492720036495
"82","E3","H3A Extracted Copper (mg/L)",0.24,0.228223818018872,0.0128872930922393,0.469334929129983
"83","E3","H3A Extracted Magnesium (mg/L)",120,11.5878288638458,108.96772669171,132.143384419401
"84","E3","H3A Extracted Sodium (mg/L)",26,5.29150262212918,20.3751640445375,30.9581692887959
"85","E3","SoilHealth",15,1.12507160265963,14.0660395084515,16.3161827137707
"86","E3","Carbon (%)",2.5,0.281841852175368,2.17939845790215,2.74308216225289
"87","E3","WEON:WEN",0.64,0.0850589336141722,0.550732535489963,0.720850402718308
"88","SS1","Organic Matter (%)",3.2,0.432119512088118,2.81333503336643,3.67757405754266
"89","SS1","Water Extractable Nitrate Nitrogen (mg/L)",15,4.66588781379376,10.0450212771153,19.3767969047029
"90","SS1","Water Extractable Organic Carbon (mg/L)",120,13.8930983519941,103.379628920733,131.165825624721
"91","SS1","Water Extractable Organic Nitrogen (mg/L)",13,3.41304982250612,9.29604108658478,16.122140731597
"92","SS1","WEOC:WEON",9.8,2.5265859105988,7.25523227121938,12.308404092417
"93","SS1","Water Extractable Ammonium Nitrogen (mg/L)",0.95,0.689202437604511,0.260797562395489,1.63920243760451
"94","SS1","CO2 Respiration (mg/L)",100,39.0094300953454,64.5723880864728,142.591248277164
"95","SS1","Water Extractable Nitrogen (mg/L)",28,6.56998685483672,21.3845585997087,34.5245323093822
"96","SS1","Microbially Active Carbon (%)",87,27.2163653975792,60.2199982387845,114.652729033943
"97","SS1","Aggstab1_2mm",44,9.99388702046295,33.906112979537,53.8938870204629
"98","SS1","CEC",18,2.38739112079198,15.3944270610262,20.1692093026102
"99","SS1","Organic Nitrogen Release (mg/L)",13,3.41304982250612,9.29604108658478,16.122140731597
"100","SS1","H3A Extracted Nitrate (mg/L)",24,8.85973527205577,14.7311738188533,32.4506443629649
"101","SS1","H3A Extracted Ammonium (mg/L)",2.7,0.566488385502378,2.12442070540671,3.25739747641147
"102","SS1","H3A Extracted Phosphorous (mg/L)",12,4.2682762115615,8.00445106116577,16.5410034842888
"103","SS1","H3A Extracted Inorganic Phosphorous (mg/L)",3.4,2.44841321527378,0.906132239271678,5.80295866981923
"104","SS1","H3A Extracted Organic Phosphorous (mg/L)",8.9,2.00639885457413,6.91178296360769,10.9245806727559
"105","SS1","H3A Extracted Sulfur (mg/L)",8.7,2.82852354675464,5.907840089609,11.5648871831183
"106","SS1","H3A Extracted Potassium (mg/L)",43,6.42013876938667,36.8525885033406,49.6928660421139
"107","SS1","H3A Extracted Calcium (mg/L)",770,313.502617068966,452.406473840125,1079.41170797806
"108","SS1","H3A Extracted Aluminum (mg/L)",130,14.2075524090022,118.428811227361,146.843916045366
"109","SS1","H3A Extracted Iron (mg/L)",61,10.7930954360141,50.297813654895,71.8840045269232
"110","SS1","H3A Extracted Zinc (mg/L)",0.58,0.10940334048415,0.469687568606759,0.688494249575059
"111","SS1","H3A Extracted Copper (mg/L)",0.18,0.0564559361561982,0.118998609298347,0.231910481610744
"112","SS1","H3A Extracted Magnesium (mg/L)",130,18.4956997459115,110.413391163179,147.404790655002
"113","SS1","H3A Extracted Sodium (mg/L)",35,13.4745551452965,21.7072630365217,48.6563733271147
"114","SS1","SoilHealth",14,3.22388923788982,10.4633834893829,16.9111619651625
"115","SS1","Carbon (%)",1.9,0.251232274469834,1.63565990312002,2.13812445205969
"116","SS1","WEON:WEN",0.46,0.0972543198207473,0.361992091527559,0.556500731169053
"117","S2","Organic Matter (%)",4.2,0.447213595499958,3.75278640450004,4.64721359549996
"118","S2","Water Extractable Nitrate Nitrogen (mg/L)",5,1.52783834223389,3.46516165776611,6.52083834223389
"119","S2","Water Extractable Organic Carbon (mg/L)",170,9.08539731901937,157.814602680981,175.985397319019
"120","S2","Water Extractable Organic Nitrogen (mg/L)",13,0.926702637191552,11.8632973628084,13.7167026371916
"121","S2","WEOC:WEON",13,0.78711851430109,12.2928814856989,13.8671185143011
"122","S2","Water Extractable Ammonium Nitrogen (mg/L)",0.38,0.285773803324704,0.0975595300086292,0.669107136658037
"123","S2","CO2 Respiration (mg/L)",190,41.5556387402614,151.644361259739,234.755638740261
"124","S2","Water Extractable Nitrogen (mg/L)",18,2.37916885580752,15.6608311441925,20.4191688558075
"125","S2","Microbially Active Carbon (%)",120,25.4206477756436,90.6393522243564,141.480647775644
"126","S2","Aggstab1_2mm",51,8.2334008094401,43.0665991905599,59.5334008094401
"127","S2","CEC",19,2.24360820505225,17.1963917949478,21.6836082050523
"128","S2","Organic Nitrogen Release (mg/L)",13,0.926702637191552,11.8632973628084,13.7167026371916
"129","S2","H3A Extracted Nitrate (mg/L)",7.7,2.10512601892513,5.63487398107487,9.84512601892513
"130","S2","H3A Extracted Ammonium (mg/L)",2.7,0.467142614436129,2.19285738556387,3.12714261443613
"131","S2","H3A Extracted Phosphorous (mg/L)",11,1.79195734076208,9.10804265923792,12.6919573407621
"132","S2","H3A Extracted Inorganic Phosphorous (mg/L)",1.9,0.255821118057999,1.654178881942,2.165821118058
"133","S2","H3A Extracted Organic Phosphorous (mg/L)",9,1.61482713213107,7.37517286786893,10.6048271321311
"134","S2","H3A Extracted Sulfur (mg/L)",8.1,0.823002632640585,7.25699736735942,8.90300263264058
"135","S2","H3A Extracted Potassium (mg/L)",48,9.1706052144883,38.9293947855117,57.2706052144883
"136","S2","H3A Extracted Calcium (mg/L)",660,44.9395890798599,615.36041092014,705.23958907986
"137","S2","H3A Extracted Aluminum (mg/L)",140,19.3114819041246,116.088518095875,154.711481904125
"138","S2","H3A Extracted Iron (mg/L)",79,13.3869754280461,65.5130245719539,92.2869754280461
"139","S2","H3A Extracted Zinc (mg/L)",0.6,0.148282762915242,0.452717237084758,0.749282762915242
"140","S2","H3A Extracted Copper (mg/L)",0.36,0.284263180091189,0.0807368199088114,0.649263180091189
"141","S2","H3A Extracted Magnesium (mg/L)",140,8.70759566253637,128.692404337464,146.107595662536
"142","S2","H3A Extracted Sodium (mg/L)",36,8.85939551486945,27.5406044851306,45.2593955148694
"143","S2","SoilHealth",21,2.41715167546892,18.3328483245311,23.1671516754689
"144","S2","Carbon (%)",2.4,0.260007904360441,2.18185256075584,2.70186836947672
"145","S2","WEON:WEN",0.72,0.0598138582932807,0.655278596740814,0.774906313327375
"146","S3","Organic Matter (%)",5.5,0.489897948556636,5.01010205144336,5.98989794855664
"147","S3","Water Extractable Nitrate Nitrogen (mg/L)",2.8,0.432111096825805,2.3378889031742,3.2021110968258
"148","S3","Water Extractable Organic Carbon (mg/L)",190,25.8256977963165,162.007635537017,213.65903112965
"149","S3","Water Extractable Organic Nitrogen (mg/L)",15,2.13580585884267,12.5475274744907,16.819139192176
"150","S3","WEOC:WEON",13,0.838252149813328,11.99508118352,13.6715854831467
"151","S3","Water Extractable Ammonium Nitrogen (mg/L)",0.25,0.212132034355964,0.0378679656440357,0.462132034355964
"152","S3","CO2 Respiration (mg/L)",240,45.5593129886744,194.490687011326,285.609312988674
"153","S3","Water Extractable Nitrogen (mg/L)",18,2.30709051982506,15.2262428135083,19.8404238531584
"154","S3","Microbially Active Carbon (%)",130,23.3191766578496,105.48082334215,152.11917665785
"155","S3","Aggstab1_2mm",61,5.98887858172685,55.3444547516065,67.3222119150602
"156","S3","CEC",20,2.77776888887467,16.8222311111253,22.3777688888747
"157","S3","Organic Nitrogen Release (mg/L)",15,2.13580585884267,12.5475274744907,16.819139192176
"158","S3","H3A Extracted Nitrate (mg/L)",3.9,1.95448202856921,1.94551797143079,5.85448202856921
"159","S3","H3A Extracted Ammonium (mg/L)",2.2,1.00548495761995,1.24451504238005,3.25548495761995
"160","S3","H3A Extracted Phosphorous (mg/L)",31,18.5301556028725,12.3031777304608,49.3634889362058
"161","S3","H3A Extracted Inorganic Phosphorous (mg/L)",14,9.93326062613212,4.05007270720122,23.9165939594655
"162","S3","H3A Extracted Organic Phosphorous (mg/L)",17,8.72255696456033,8.12744303543967,25.5725569645603
"163","S3","H3A Extracted Sulfur (mg/L)",11,5.23937019115848,5.41062980884152,15.8893701911585
"164","S3","H3A Extracted Potassium (mg/L)",63,35.3534533909584,27.3132132757083,98.020120057625
"165","S3","H3A Extracted Calcium (mg/L)",860,436.747371676884,423.919294989782,1297.41403834355
"166","S3","H3A Extracted Aluminum (mg/L)",120,8.75785361832453,108.042146381675,125.557853618325
"167","S3","H3A Extracted Iron (mg/L)",61,5.94138031100518,55.4586196889948,67.3413803110052
"168","S3","H3A Extracted Zinc (mg/L)",1.1,0.577676379991427,0.487323620008573,1.64267637999143
"169","S3","H3A Extracted Copper (mg/L)",0.17,0.0624232862533419,0.105910047079991,0.230756619586675
"170","S3","H3A Extracted Magnesium (mg/L)",150,73.8773758783206,77.7892907883461,225.544042544987
"171","S3","H3A Extracted Sodium (mg/L)",23,8.82420912414629,13.8424575425204,31.490875790813
"172","S3","SoilHealth",24,2.61958775382693,21.2204122461731,26.4595877538269
"173","S3","Carbon (%)",3.2,0.28482438869572,2.91285002990893,3.48249880730037
"174","S3","WEON:WEN",0.84,0.0189508675226951,0.817141585454036,0.855043320499426
"175","S4","Organic Matter (%)",5.2,0.688395880935446,4.56160411906455,5.93839588093545
"176","S4","Water Extractable Nitrate Nitrogen (mg/L)",5.7,1.90077791092665,3.77622208907335,7.57777791092665
"177","S4","Water Extractable Organic Carbon (mg/L)",170,28.7326759398888,139.567324060111,197.032675939889
"178","S4","Water Extractable Organic Nitrogen (mg/L)",13,3.41753647464889,9.96246352535111,16.7975364746489
"179","S4","WEOC:WEON",13,4.8267311229582,8.6532688770418,18.3067311229582
"180","S4","Water Extractable Ammonium Nitrogen (mg/L)",1.1,0.653834841531101,0.446165158468899,1.7538348415311
"181","S4","CO2 Respiration (mg/L)",280,63.4357557778822,216.984244222118,343.855755777882
"182","S4","Water Extractable Nitrogen (mg/L)",20,4.32415695058971,15.7258430494103,24.3741569505897
"183","S4","Microbially Active Carbon (%)",170,48.910671410008,121.929328589992,219.750671410008
"184","S4","Aggstab1_2mm",39,11.9907371657366,27.0092628342634,50.9907371657366
"185","S4","CEC",17,1.27453695295368,16.1254630470463,18.6745369529537
"186","S4","Organic Nitrogen Release (mg/L)",13,3.41753647464889,9.96246352535111,16.7975364746489
"187","S4","H3A Extracted Nitrate (mg/L)",7.6,2.74055955357052,4.87944044642948,10.3605595535705
"188","S4","H3A Extracted Ammonium (mg/L)",3,0.675030863491934,2.29496913650807,3.64503086349193
"189","S4","H3A Extracted Phosphorous (mg/L)",16,10.9015799058872,4.89842009411276,26.7015799058872
"190","S4","H3A Extracted Inorganic Phosphorous (mg/L)",4.6,5.65686407041137,0,10.2868640704114
"191","S4","H3A Extracted Organic Phosphorous (mg/L)",11,5.2776362554125,5.8923637445875,16.4476362554125
"192","S4","H3A Extracted Sulfur (mg/L)",11,2.25785050189088,9.21214949810912,13.7278505018909
"193","S4","H3A Extracted Potassium (mg/L)",72,41.7394031794631,30.4605968205369,113.939403179463
"194","S4","H3A Extracted Calcium (mg/L)",790,125.014176973831,660.085823026169,910.114176973831
"195","S4","H3A Extracted Aluminum (mg/L)",100,17.8873015168738,85.3126984831262,121.087301516874
"196","S4","H3A Extracted Iron (mg/L)",85,6.78314905564599,78.516850944354,92.083149055646
"197","S4","H3A Extracted Zinc (mg/L)",0.95,0.343719847162385,0.605280152837615,1.29271984716239
"198","S4","H3A Extracted Copper (mg/L)",0.16,0.098482937044388,0.062517062955612,0.259482937044388
"199","S4","H3A Extracted Magnesium (mg/L)",150,19.5451045305752,131.754895469425,170.845104530575
"200","S4","H3A Extracted Sodium (mg/L)",34,10.8058626063201,23.0941373936799,44.7058626063201
"201","S4","SoilHealth",25,3.24390043003789,21.8090995699621,28.2969004300379
"202","S4","Carbon (%)",3.1,0.400230163334563,2.65209541806079,3.45255574472991
"203","S4","WEON:WEN",0.67,0.118990075917473,0.546278566251976,0.784258718086921
"204","W1","Organic Matter (%)",5.4,0.34537764010676,5.02962235989324,5.72037764010676
"205","W1","Water Extractable Nitrate Nitrogen (mg/L)",2.6,0.580010775761968,2.06123922423803,3.22126077576197
"206","W1","Water Extractable Organic Carbon (mg/L)",180,17.9045086101638,158.595491389836,194.404508610164
"207","W1","Water Extractable Organic Nitrogen (mg/L)",16,2.19995941521007,14.0625405847899,18.4624594152101
"208","W1","WEOC:WEON",11,0.874948978104275,10.0625510218957,11.8124489781043
"209","W1","Water Extractable Ammonium Nitrogen (mg/L)",0.47,0.186189867250253,0.280476799416414,0.652856533916919
"210","W1","CO2 Respiration (mg/L)",270,51.223263060561,219.139236939439,321.585763060561
"211","W1","Water Extractable Nitrogen (mg/L)",19,1.80138835346518,17.4236116465348,21.0263883534652
"212","W1","Microbially Active Carbon (%)",150,18.9999812029982,133.325018797002,171.324981202998
"213","W1","Aggstab1_2mm",64,11.076841994514,53.048158005486,75.201841994514
"214","W1","CEC",18,1.83069073615086,16.3693092638491,20.0306907361509
"215","W1","Organic Nitrogen Release (mg/L)",16,2.19995941521007,14.0625405847899,18.4624594152101
"216","W1","H3A Extracted Nitrate (mg/L)",4.6,0.982707629823991,3.61729237017601,5.58270762982399
"217","W1","H3A Extracted Ammonium (mg/L)",2.3,0.90514402958077,1.36985597041923,3.18014402958077
"218","W1","H3A Extracted Phosphorous (mg/L)",30,19.2757249261492,10.5992750738508,49.1507249261493
"219","W1","H3A Extracted Inorganic Phosphorous (mg/L)",15,12.7446347254723,2.2053652745277,27.6946347254723
"220","W1","H3A Extracted Organic Phosphorous (mg/L)",15,6.67356191036156,8.25143808963844,21.5985619103616
"221","W1","H3A Extracted Sulfur (mg/L)",16,4.54656463717387,11.8159353628261,20.9090646371739
"222","W1","H3A Extracted Potassium (mg/L)",64,21.9736042950237,42.4013957049763,86.3486042950237
"223","W1","H3A Extracted Calcium (mg/L)",1100,188.738670426295,929.261329573705,1306.7386704263
"224","W1","H3A Extracted Aluminum (mg/L)",110,12.8285396117964,98.1714603882036,123.828539611796
"225","W1","H3A Extracted Iron (mg/L)",64,14.5988013206564,49.7761986793436,78.9738013206564
"226","W1","H3A Extracted Zinc (mg/L)",1.8,0.764627593762387,1.01912240623761,2.54837759376239
"227","W1","H3A Extracted Copper (mg/L)",0.14,0.0362530786869986,0.103746921313001,0.176253078686999
"228","W1","H3A Extracted Magnesium (mg/L)",160,14.9379669681941,145.062033031806,174.937966968194
"229","W1","H3A Extracted Sodium (mg/L)",30,11.1218896133449,18.5031103866551,40.7468896133449
"230","W1","SoilHealth",25,2.92150157086582,22.2334984291342,28.0765015708658
"231","W1","Carbon (%)",3.1,0.200800953550443,2.92419904644956,3.32580095355044
"232","W1","WEON:WEN",0.84,0.0457514785564977,0.796880356333816,0.888383313446812
"233","E1","pH",5.3,0.643109681245588,4.65689031875441,5.94310968124559
"234","E2","pH",5.2,0.643109681245588,4.57117603304013,5.8573953955313
"235","E3","pH",5.5,0.643109681245588,4.90133476319886,6.18755412569003
"236","SS1","pH",6,0.643109681245588,5.36598122784532,6.6522005903365
"237","S2","pH",5.9,0.643109681245588,5.28689031875441,6.57310968124559
"238","S3","pH",6.8,0.643109681245588,6.12355698542108,7.40977634791225
"239","S4","pH",6.2,0.643109681245588,5.54689031875441,6.83310968124559
"240","W1","pH",7,0.643109681245588,6.30689031875441,7.59310968124559
