siteid,sitecode,studyname,country,state_prov,start_year,eu_type,exper_design,site_latitude,site_longitude,gdd0,gdd10,max_annualtemp_sd,mean_annualprecip_sd,mean_annualtemp_sd,mean_monthlyprecip_sd,mi,min_annualtemp_sd,site_mean_temp,site_meanmax_temp,site_meanmin_temp,site_precip,hargreave_cmd,lrr_name,lrr_symbol,mlra_id,mlra_name,na_l1code,na_l1key,na_l1name,na_l2code,na_l2key,na_l2name,na_l3code,na_l3key,na_l3name,site_elevation,site_animals,site_corn,site_cotton,site_cover_crop,site_crop_sys,site_disturbance,site_native,site_nutr_rate,site_nutr_type,site_residue,site_soy,site_water,site_wheat
18,MXAG01,"Pabellon de Arteaga, AGU",Mexico,Aguascalientes,2011,Plots,Paired,22.162556,-102.291333,6034,3014,0,15,0,30,-28,1,18,26,9,400,1446,0,0,0,0,12,12  SOUTHERN SEMIARID HIGHLANDS,SOUTHERN SEMIARID HIGHLANDS,12,12.1  WESTERN SIERRA MADRE PIEDMONT,WESTERN SIERRA MADRE PIEDMONT,12.1.2,"12.1.2  Piedmonts and Plains with Grasslands, Xeric Shrub, and Oak and Conifer Forests","Piedmonts and Plains with Grasslands, Xeric Shrub, and Oak and Conifer Forests",1916,0,1,0,0,0,1,0,0,0,1,0,0,0
19,MXEM01,Texcoco I,Mexico,Estado de Mexico,1991,Plots,Randomized complete block,19.531968,-98.847405,1024,364,0,9,0,51,0,0,16,24,8,629,1294,0,0,0,0,13,13  TEMPERATE SIERRAS,TEMPERATE SIERRAS,13,13.4  TRANSVERSAL NEO-VOLCANIC SYSTEM,TRANSVERSAL NEO-VOLCANIC SYSTEM,13.4.1,13.4.1  Interior Plains and Piedmonts with Grasslands and Xeric Shrub,Interior Plains and Piedmonts with Grasslands and Xeric Shrub,2266,0,1,0,0,1,1,0,0,0,1,0,0,1
20,MXEM02,Texcoco II,Mexico,Estado de Mexico,1999,Plots,Randomized complete block,19.533724,-98.841401,969,339,0,9,0,51,0,0,16,24,8,628,1292,0,0,0,0,13,13  TEMPERATE SIERRAS,TEMPERATE SIERRAS,13,13.4  TRANSVERSAL NEO-VOLCANIC SYSTEM,TRANSVERSAL NEO-VOLCANIC SYSTEM,13.4.1,13.4.1  Interior Plains and Piedmonts with Grasslands and Xeric Shrub,Interior Plains and Piedmonts with Grasslands and Xeric Shrub,2271,0,1,0,0,0,1,0,0,0,1,0,0,1
21,MXEM03,Metepec,Mexico,Estado de Mexico,2014,Plots,Randomized complete block,19.227122,-99.550556,5207,2119,1,11,1,62,18,1,15,23,6,731,922,0,0,0,0,13,13  TEMPERATE SIERRAS,TEMPERATE SIERRAS,13,13.4  TRANSVERSAL NEO-VOLCANIC SYSTEM,TRANSVERSAL NEO-VOLCANIC SYSTEM,13.4.1,13.4.1  Interior Plains and Piedmonts with Grasslands and Xeric Shrub,Interior Plains and Piedmonts with Grasslands and Xeric Shrub,2577,0,1,0,0,0,1,0,0,0,1,0,0,0
22,MXGT01,"Irapuato I, Gto",Mexico,Guanajuato,2011,Strip plots,Completely randomized,20.645144,-101.29722,2080,960,0,10,0,39,-27,1,19,27,11,437,1464,0,0,0,0,12,12  SOUTHERN SEMIARID HIGHLANDS,SOUTHERN SEMIARID HIGHLANDS,12,12.2  MEXICAN HIGH PLATEAU,MEXICAN HIGH PLATEAU,12.2.1,12.2.1  Hills and Interior Plains with Xeric Shrub and Mesquite Low Forest,Hills and Interior Plains with Xeric Shrub and Mesquite Low Forest,1730,0,1,0,0,0,1,0,1,0,1,0,0,1
23,MXHG01,"Francisco I. Madero, HID",Mexico,Hidalgo,2011,Plots,Randomized complete block,20.229694,-99.089231,2063,883,0,13,1,37,-18,1,17,25,9,487,1416,0,0,0,0,12,12  SOUTHERN SEMIARID HIGHLANDS,SOUTHERN SEMIARID HIGHLANDS,12,12.2  MEXICAN HIGH PLATEAU,MEXICAN HIGH PLATEAU,12.2.1,12.2.1  Hills and Interior Plains with Xeric Shrub and Mesquite Low Forest,Hills and Interior Plains with Xeric Shrub and Mesquite Low Forest,1987,0,1,0,0,1,1,0,0,0,1,0,0,1
24,MXMO01,"Tlaltzapan, MOR",Mexico,Morelos,2011,Plots,Randomized complete block,18.68,-99.129722,1515,815,1,17,0,66,-19,0,23,31,16,748,1530,0,0,0,0,14,14  TROPICAL DRY FORESTS,TROPICAL DRY FORESTS,14,14.4  INTERIOR DEPRESSIONS,INTERIOR DEPRESSIONS,14.4.1,14.4.1  Balsas Depression with Low Tropical Deciduous Forest and Xerophytic Shrub,Balsas Depression with Low Tropical Deciduous Forest and Xerophytic Shrub,926,0,1,0,0,1,1,0,0,0,1,0,0,0
25,MXMO02,"Zacatepec, MOR",Mexico,Morelos,2012,Plots,Randomized complete block,18.650258,-99.198694,1549,839,1,17,0,66,-19,1,23,31,16,739,1538,0,0,0,0,14,14  TROPICAL DRY FORESTS,TROPICAL DRY FORESTS,14,14.4  INTERIOR DEPRESSIONS,INTERIOR DEPRESSIONS,14.4.1,14.4.1  Balsas Depression with Low Tropical Deciduous Forest and Xerophytic Shrub,Balsas Depression with Low Tropical Deciduous Forest and Xerophytic Shrub,917,0,1,0,0,1,1,0,0,0,1,0,0,0
26,MXOA01,"Santo Domingo Yanhuitlan, OAX",Mexico,Oaxaca,2012,Plots,Randomized complete block,17.508056,-97.350778,2287,1067,1,14,1,82,28,1,17,26,9,881,1311,0,0,0,0,13,13  TEMPERATE SIERRAS,TEMPERATE SIERRAS,13,13.5  SOUTHERN SIERRA MADRE,SOUTHERN SIERRA MADRE,13.5.2,"13.5.2  Sierras of Guerrero and Oaxaca with Conifer, Oak, and Mixed Forests","Sierras of Guerrero and Oaxaca with Conifer, Oak, and Mixed Forests",2120,0,1,0,0,1,1,0,0,0,1,0,0,1
27,MXPU01,"Molcaxac, PUE",Mexico,Puebla,2011,Plots,Randomized complete block,18.7295,-97.927167,1515,685,0,35,1,104,49,1,18,26,10,1101,1446,0,0,0,0,14,14  TROPICAL DRY FORESTS,TROPICAL DRY FORESTS,14,14.4  INTERIOR DEPRESSIONS,INTERIOR DEPRESSIONS,14.4.3,14.4.3  Valleys and Depressions with Xeric Shrub and Low Tropical Deciduous Forest,Valleys and Depressions with Xeric Shrub and Low Tropical Deciduous Forest,1795,0,1,0,0,1,1,0,0,1,1,0,0,0
28,MXQT01,"San Juan del Rio I, QTO",Mexico,Queretaro,2013,Plots,Completely randomized,20.4204,-99.913022,6905,3255,0,9,0,37,-21,1,17,26,9,469,1446,0,0,0,0,12,12  SOUTHERN SEMIARID HIGHLANDS,SOUTHERN SEMIARID HIGHLANDS,12,12.2  MEXICAN HIGH PLATEAU,MEXICAN HIGH PLATEAU,12.2.1,12.2.1  Hills and Interior Plains with Xeric Shrub and Mesquite Low Forest,Hills and Interior Plains with Xeric Shrub and Mesquite Low Forest,1974,0,1,0,0,0,1,0,0,0,1,0,0,0
29,MXQT02,"San Juan del Rio II, QTO",Mexico,Queretaro,2012,Strip plots,Completely randomized,20.455252,-100.003275,1333,553,0,9,0,37,-22,1,18,26,10,464,1457,0,0,0,0,12,12  SOUTHERN SEMIARID HIGHLANDS,SOUTHERN SEMIARID HIGHLANDS,12,12.2  MEXICAN HIGH PLATEAU,MEXICAN HIGH PLATEAU,12.2.1,12.2.1  Hills and Interior Plains with Xeric Shrub and Mesquite Low Forest,Hills and Interior Plains with Xeric Shrub and Mesquite Low Forest,1892,0,1,0,0,1,1,0,0,0,1,0,0,0
30,MXSL01,"Soledad de Graciano Sanchez, SLP",Mexico,San Luis Potosi,1995,Plots,Completely randomized,22.226472,-100.849075,1658,678,0,10,0,23,-34,1,18,26,10,330,1532,0,0,0,0,10,10  NORTH AMERICAN DESERTS,NORTH AMERICAN DESERTS,10,10.2  WARM DESERTS,WARM DESERTS,10.2.4,10.2.4  Chihuahuan Desert,Chihuahuan Desert,1835,0,1,0,0,0,1,0,0,0,1,0,0,0
31,MXSO01,"Navojoa, Son",Mexico,Sonora,2011,Plots,Completely randomized,27.012939,-109.501944,4786,2806,1,9,1,19,-53,1,25,33,16,181,1721,0,0,0,0,14,14  TROPICAL DRY FORESTS,TROPICAL DRY FORESTS,14,"14.3  WESTERN PACIFIC COASTAL PLAIN, HILLS AND CANYONS","WESTERN PACIFIC COASTAL PLAIN, HILLS AND CANYONS",14.3.1,14.3.1  Sinaloa Coastal Plain with Low Thorn Tropical Forest and Wetlands,Sinaloa Coastal Plain with Low Thorn Tropical Forest and Wetlands,31,0,1,0,0,1,1,0,0,0,1,0,1,1
32,MXSO02,"Cajeme II, SON",Mexico,Sonora,2013,Plots,Randomized complete block,27.38533,-109.931983,3828,2138,1,9,1,16,-53,1,25,33,16,167,1813,0,0,0,0,14,14  TROPICAL DRY FORESTS,TROPICAL DRY FORESTS,14,"14.3  WESTERN PACIFIC COASTAL PLAIN, HILLS AND CANYONS","WESTERN PACIFIC COASTAL PLAIN, HILLS AND CANYONS",14.3.1,14.3.1  Sinaloa Coastal Plain with Low Thorn Tropical Forest and Wetlands,Sinaloa Coastal Plain with Low Thorn Tropical Forest and Wetlands,40,0,1,0,0,0,1,0,1,0,1,0,0,1
33,MXSO03,"Cajeme I, SON",Mexico,Sonora,1992,Plots,Randomized complete block,27.38533,-109.931983,4012,2262,1,9,1,16,-53,1,25,33,16,167,1813,0,0,0,0,14,14  TROPICAL DRY FORESTS,TROPICAL DRY FORESTS,14,"14.3  WESTERN PACIFIC COASTAL PLAIN, HILLS AND CANYONS","WESTERN PACIFIC COASTAL PLAIN, HILLS AND CANYONS",14.3.1,14.3.1  Sinaloa Coastal Plain with Low Thorn Tropical Forest and Wetlands,Sinaloa Coastal Plain with Low Thorn Tropical Forest and Wetlands,40,0,1,0,0,1,1,0,0,0,1,0,0,1
34,USAL01,Sand Mountain Tillage Study,USA,Alabama,1980,Plots,Split split plot,34.273632,-85.957986,613,79,0,31,0,27,88,0,15,21,9,1497,203,East and Central Farming and Forest Region,N,225,Sand Mountain,8,8  EASTERN TEMPERATE FORESTS,EASTERN TEMPERATE FORESTS,8,8.4  OZARK/OUACHITA-APPALACHIAN FORESTS,OZARK/OUACHITA-APPALACHIAN FORESTS,8.4.9,8.4.9  Southwestern Appalachians,Southwestern Appalachians,351,0,1,0,1,1,1,0,1,1,0,1,0,1
35,USAL02,Old Rotation,USA,Alabama,1896,Plots,Split block,32.593474,-85.485833,1469,416,0,31,0,33,71,0,17,23,10,1474,271,"South Atlantic and Gulf Slope Cash Crops, Forest, and Livestock Region",P,234,Southern Coastal Plain,8,8  EASTERN TEMPERATE FORESTS,EASTERN TEMPERATE FORESTS,8,8.3  SOUTHEASTERN USA PLAINS,SOUTHEASTERN USA PLAINS,8.3.5,8.3.5  Southeastern Plains,Southeastern Plains,209,0,1,1,1,1,0,0,1,1,0,1,0,1
36,USAL03,Sod-Based Rotation,USA,Alabama,2001,Plots,Incomplete randomized block,31.358073,-85.32068,1789,660,0,35,0,34,55,0,19,25,13,1502,249,"South Atlantic and Gulf Slope Cash Crops, Forest, and Livestock Region",P,234,Southern Coastal Plain,8,8  EASTERN TEMPERATE FORESTS,EASTERN TEMPERATE FORESTS,8,8.3  SOUTHEASTERN USA PLAINS,SOUTHEASTERN USA PLAINS,8.3.5,8.3.5  Southeastern Plains,Southeastern Plains,110,0,0,1,1,1,1,0,0,0,0,0,0,0
37,USAL04,Sod-Based Rotation 2,USA,Alabama,2001,Fields,0,31.350579,-85.322576,1789,660,0,35,0,34,55,0,19,25,13,1502,248,"South Atlantic and Gulf Slope Cash Crops, Forest, and Livestock Region",P,234,Southern Coastal Plain,8,8  EASTERN TEMPERATE FORESTS,EASTERN TEMPERATE FORESTS,8,8.3  SOUTHEASTERN USA PLAINS,SOUTHEASTERN USA PLAINS,8.3.5,8.3.5  Southeastern Plains,Southeastern Plains,106,1,0,1,1,1,0,0,0,0,0,0,0,0
38,USAR01,Long-term Effects of Grazing Management and Buffer Strips on Soils Fertilized with Poultry Litter,USA,Arkansas,2004,Pasture paddock(s),Completely randomized,35.10371,-93.934161,2134,835,1,30,0,28,58,0,16,22,10,1332,273,East and Central Farming and Forest Region,N,210,"Arkansas Valley and Ridges, Eastern Part",8,8  EASTERN TEMPERATE FORESTS,EASTERN TEMPERATE FORESTS,8,8.4  OZARK/OUACHITA-APPALACHIAN FORESTS,OZARK/OUACHITA-APPALACHIAN FORESTS,8.4.7,8.4.7  Arkansas Valley,Arkansas Valley,148,1,0,0,0,0,0,0,0,1,0,0,1,0
39,USAZ01,Santa Rita Experimental Range,USA,Arizona,1975,Open range,Management Zone,31.815346,-110.851674,585,70,0,10,0,30,-29,0,18,26,10,435,1089,Western Range and Irrigated Region,D,53,Southeastern Arizona Basin and Range,12,12  SOUTHERN SEMIARID HIGHLANDS,SOUTHERN SEMIARID HIGHLANDS,12,12.1  WESTERN SIERRA MADRE PIEDMONT,WESTERN SIERRA MADRE PIEDMONT,12.1.1,12.1.1  Madrean Archipelago,Madrean Archipelago,1165,1,0,0,0,0,0,1,0,0,0,0,0,0
41,USAZ03,Santa Rita Experimental Range (SRER) - ARS Watersheds,USA,Arizona,1975,Open range,Management Zone,31.816087,-110.861326,595,76,0,9,0,30,-30,0,18,26,10,429,1119,Western Range and Irrigated Region,D,53,Southeastern Arizona Basin and Range,12,12  SOUTHERN SEMIARID HIGHLANDS,SOUTHERN SEMIARID HIGHLANDS,12,12.1  WESTERN SIERRA MADRE PIEDMONT,WESTERN SIERRA MADRE PIEDMONT,12.1.1,12.1.1  Madrean Archipelago,Madrean Archipelago,1140,1,0,0,0,0,0,1,0,0,0,0,0,0
42,USCA01,Century Experiment Wheat System,USA,California,1994,Plots,Randomized complete block,38.542962,-121.87017,726,68,0,24,0,44,-6,0,17,24,9,531,1033,"California Subtropical Fruit, Truck, and Specialty Crop Region",C,22,Sacramento and San Joaquin Valleys,11,11  MEDITERRANEAN CALIFORNIA,MEDITERRANEAN CALIFORNIA,11,11.1  MEDITERRANEAN CALIFORNIA,MEDITERRANEAN CALIFORNIA,11.1.2,11.1.2  Central California Valley,Central California Valley,29,0,0,0,1,1,0,0,1,0,0,0,0,1
43,USCA02,Century Experiment Maize Tomato System,USA,California,1994,Plots,Randomized complete block,38.563637,-121.771444,718,69,0,22,0,41,-9,0,17,24,9,508,1031,"California Subtropical Fruit, Truck, and Specialty Crop Region",C,22,Sacramento and San Joaquin Valleys,11,11  MEDITERRANEAN CALIFORNIA,MEDITERRANEAN CALIFORNIA,11,11.1  MEDITERRANEAN CALIFORNIA,MEDITERRANEAN CALIFORNIA,11.1.2,11.1.2  Central California Valley,Central California Valley,15,0,1,0,1,1,0,1,1,1,0,0,0,0
44,USCA03,California Conservation Agriculture Systems National Research Initiative Study,USA,California,1999,Plots,Randomized complete block,36.339206,-120.120858,795,111,0,7,0,15,-44,0,18,26,10,190,1271,"California Subtropical Fruit, Truck, and Specialty Crop Region",C,22,Sacramento and San Joaquin Valleys,11,11  MEDITERRANEAN CALIFORNIA,MEDITERRANEAN CALIFORNIA,11,11.1  MEDITERRANEAN CALIFORNIA,MEDITERRANEAN CALIFORNIA,11.1.2,11.1.2  Central California Valley,Central California Valley,87,0,0,0,1,0,1,0,0,0,0,0,0,0
45,USCO01,Walsh Dryland Agroecosystem Project,USA,Colorado,1985,Strip plots,Completely randomized split splot,37.271117,-102.204795,664,106,0,16,0,26,-19,0,13,21,4,452,760,Western Great Plains Range and Irrigated Region,G,96,"Central High Plains, Southern Part",9,9  GREAT PLAINS,GREAT PLAINS,9,9.4  SOUTH CENTRAL SEMIARID PRAIRIES,SOUTH CENTRAL SEMIARID PRAIRIES,9.4.1,9.4.1  High Plains,High Plains,1170,0,1,0,0,1,0,1,0,0,0,0,0,1
46,USCO02,Stratton Dryland Agroecosystem Project,USA,Colorado,1985,Strip plots,Completely randomized split splot,39.299374,-102.520242,584,73,0,9,0,29,-8,0,10,19,2,508,558,Western Great Plains Range and Irrigated Region,G,96,"Central High Plains, Southern Part",9,9  GREAT PLAINS,GREAT PLAINS,9,9.4  SOUTH CENTRAL SEMIARID PRAIRIES,SOUTH CENTRAL SEMIARID PRAIRIES,9.4.1,9.4.1  High Plains,High Plains,1317,0,1,0,0,1,0,1,0,0,0,0,0,1
47,USCO03,Sterling Dryland Agroecoesystem Project,USA,Colorado,1985,Strip plots,Completely randomized split splot,40.462023,-103.028667,543,62,1,8,0,29,-7,0,9,17,1,479,477,Central Great Plains Winter Wheat and Range Region,H,105,Central High Tableland,9,9  GREAT PLAINS,GREAT PLAINS,9,9.4  SOUTH CENTRAL SEMIARID PRAIRIES,SOUTH CENTRAL SEMIARID PRAIRIES,9.4.1,9.4.1  High Plains,High Plains,1364,0,1,0,0,1,0,1,0,0,0,0,0,1
48,USCO04,Byers Colorado Long-Term Fertilizer/Biosolids Site,USA,Colorado,1999,Field strips,Completely randomized,39.765989,-103.797625,739,107,0,11,0,26,-4,0,9,18,1,499,589,Western Great Plains Range and Irrigated Region,G,96,"Central High Plains, Southern Part",9,9  GREAT PLAINS,GREAT PLAINS,9,9.4  SOUTH CENTRAL SEMIARID PRAIRIES,SOUTH CENTRAL SEMIARID PRAIRIES,9.4.3,9.4.3  Southwestern Tablelands,Southwestern Tablelands,1520,0,1,0,0,1,0,0,0,1,0,0,0,1
49,USCO05,USDA-ARS Central Plains Experimental Range Long-Term Grazing Intensity (LTGI),USA,Colorado,1939,Pasture,0,40.821841,-104.750492,3260,1273,0,7,0,23,-21,0,9,17,1,344,578,Western Great Plains Range and Irrigated Region,G,96,"Central High Plains, Southern Part",9,9  GREAT PLAINS,GREAT PLAINS,9,9.4  SOUTH CENTRAL SEMIARID PRAIRIES,SOUTH CENTRAL SEMIARID PRAIRIES,9.4.1,9.4.1  High Plains,High Plains,1654,1,0,0,0,0,0,1,0,0,0,0,0,0
50,USDE01,UD Long-term P Application,USA,Delaware,0,Plots,Randomized complete block,38.626838,-75.467651,251,4,0,20,0,20,61,0,14,19,9,1234,141,Atlantic and Gulf Coast Lowland Forest and Crop Region,T,264,Northern Tidewater Area,8,8  EASTERN TEMPERATE FORESTS,EASTERN TEMPERATE FORESTS,8,8.5  MISSISSIPPI ALLUVIAL AND SOUTHEAST USA COASTAL PLAINS,MISSISSIPPI ALLUVIAL AND SOUTHEAST USA COASTAL PLAINS,8.5.1,8.5.1  Middle Atlantic Coastal Plain,Middle Atlantic Coastal Plain,12,0,1,0,0,0,0,0,1,1,0,1,0,0
51,USFL01,Marianna/sod based rotation,USA,Florida,2002,Fields,0,30.873611,-85.182222,1236,430,0,36,0,33,49,0,20,26,13,1506,219,"South Atlantic and Gulf Slope Cash Crops, Forest, and Livestock Region",P,234,Southern Coastal Plain,8,8  EASTERN TEMPERATE FORESTS,EASTERN TEMPERATE FORESTS,8,8.3  SOUTHEASTERN USA PLAINS,SOUTHEASTERN USA PLAINS,8.3.5,8.3.5  Southeastern Plains,Southeastern Plains,34,1,0,1,1,1,0,0,0,0,0,0,0,0
52,USFL02,NFREC Sod based rotation,USA,Florida,1999,Plots,Completely randomized split splot,30.546669,-84.591099,1909,747,0,23,0,36,54,0,19,26,13,1543,167,"South Atlantic and Gulf Slope Cash Crops, Forest, and Livestock Region",P,234,Southern Coastal Plain,8,8  EASTERN TEMPERATE FORESTS,EASTERN TEMPERATE FORESTS,8,8.3  SOUTHEASTERN USA PLAINS,SOUTHEASTERN USA PLAINS,8.3.5,8.3.5  Southeastern Plains,Southeastern Plains,74,0,0,1,0,1,0,0,0,0,0,0,0,0
53,USGA01,RDC Pivot,USA,Georgia,1997,Fields,0,31.484539,-83.521705,1085,312,0,25,0,27,42,0,19,25,12,1332,331,"South Atlantic and Gulf Slope Cash Crops, Forest, and Livestock Region",P,234,Southern Coastal Plain,8,8  EASTERN TEMPERATE FORESTS,EASTERN TEMPERATE FORESTS,8,8.3  SOUTHEASTERN USA PLAINS,SOUTHEASTERN USA PLAINS,8.3.5,8.3.5  Southeastern Plains,Southeastern Plains,117,0,1,0,1,1,1,0,0,0,0,1,0,0
54,USIA01,Prairie Strips at Neal Smith National Wildlife Refuge,USA,Iowa,0,Fields,0,41.550283,-93.275289,2271,989,1,20,1,43,52,0,10,15,4,1000,57,Central Feed Grains and Livestock Region,M,186,"Illinois and Iowa Deep Loess and Drift, West-Central Part",9,9  GREAT PLAINS,GREAT PLAINS,9,9.2  TEMPERATE PRAIRIES,TEMPERATE PRAIRIES,9.2.3,9.2.3  Western Corn Belt Plains,Western Corn Belt Plains,270,0,1,0,0,1,0,1,0,0,0,1,0,0
55,USIA02,Comparison of Biofuel Systems,USA,Iowa,0,Plots,0,41.920576,-93.750051,173,11,1,25,1,47,62,0,9,15,3,1050,42,Central Feed Grains and Livestock Region,M,176,Central Iowa and Minnesota Till Prairies,9,9  GREAT PLAINS,GREAT PLAINS,9,9.2  TEMPERATE PRAIRIES,TEMPERATE PRAIRIES,9.2.3,9.2.3  Western Corn Belt Plains,Western Corn Belt Plains,317,0,1,0,1,1,0,1,0,0,0,1,0,0
56,USIA03,Marsden Farm Cropping System Experiment,USA,Iowa,2002,Plots,0,42.0221,-93.775888,1325,435,1,23,1,45,63,0,9,15,3,1044,44,Central Feed Grains and Livestock Region,M,176,Central Iowa and Minnesota Till Prairies,9,9  GREAT PLAINS,GREAT PLAINS,9,9.2  TEMPERATE PRAIRIES,TEMPERATE PRAIRIES,9.2.3,9.2.3  Western Corn Belt Plains,Western Corn Belt Plains,338,0,1,0,1,1,0,0,0,0,0,1,0,0
57,USID01,Kimberly Long Term Manure Application Study,USA,Idaho,2012,Fields,Randomized complete block,42.55148,-114.35365,446,26,0,6,0,9,-28,0,10,17,3,274,772,Northwestern Wheat and Range Region,B,14,Snake River Plains,10,10  NORTH AMERICAN DESERTS,NORTH AMERICAN DESERTS,10,10.1  COLD DESERTS,COLD DESERTS,10.1.8,10.1.8  Snake River Plain,Snake River Plain,1186,0,0,0,0,0,0,0,1,1,0,0,0,1
59,USIN01,Purdue Long-Term Tillage and Rotation Plots,USA,Indiana,1975,Plots,Randomized complete block split plot,40.489086,-87.002904,247,21,1,16,0,27,68,0,10,16,5,1134,106,Central Feed Grains and Livestock Region,M,193,"Indiana and Ohio Till Plain, Northwestern Part",8,8  EASTERN TEMPERATE FORESTS,EASTERN TEMPERATE FORESTS,8,8.2  CENTRAL USA PLAINS,CENTRAL USA PLAINS,8.2.3,8.2.3  Central Corn Belt Plains,Central Corn Belt Plains,215,0,1,0,0,1,1,0,0,0,0,1,0,0
60,USKS01,Intensifying a no-till wheat-sorghum-soybean rotation with double-crops and cover crops,USA,Kansas,2007,Plots,0,39.123775,-96.636037,410,64,1,17,0,39,20,0,12,19,6,859,110,Central Great Plains Winter Wheat and Range Region,H,109,Bluestem Hills,9,9  GREAT PLAINS,GREAT PLAINS,9,9.4  SOUTH CENTRAL SEMIARID PRAIRIES,SOUTH CENTRAL SEMIARID PRAIRIES,9.4.4,9.4.4  Flint Hills,Flint Hills,326,0,0,0,1,0,0,0,1,0,0,1,0,1
61,USKS02,Tillage intensity study,USA,Kansas,1988,Plots,Randomized complete block,38.469293,-101.781488,224,7,0,10,0,25,-17,0,11,20,3,449,542,Central Great Plains Winter Wheat and Range Region,H,105,Central High Tableland,9,9  GREAT PLAINS,GREAT PLAINS,9,9.4  SOUTH CENTRAL SEMIARID PRAIRIES,SOUTH CENTRAL SEMIARID PRAIRIES,9.4.1,9.4.1  High Plains,High Plains,1107,0,0,0,0,0,1,1,0,0,0,0,0,1
62,USKY01,UKREC Long Term Tillage Trial,USA,Kentucky,0,Plots,0,37.10033,-87.864399,389,31,0,32,0,23,86,0,15,20,9,1498,178,East and Central Farming and Forest Region,N,218,Highland Rim and Pennyroyal,8,8  EASTERN TEMPERATE FORESTS,EASTERN TEMPERATE FORESTS,8,8.3  SOUTHEASTERN USA PLAINS,SOUTHEASTERN USA PLAINS,8.3.3,8.3.3  Interior Plateau,Interior Plateau,146,0,1,0,0,0,1,0,0,0,0,1,0,1
63,USKY02,Grove F05,USA,Kentucky,0,Plots,0,38.129497,-84.493527,264,13,0,30,0,25,99,0,13,19,7,1473,108,East and Central Farming and Forest Region,N,217,Kentucky Bluegrass,8,8  EASTERN TEMPERATE FORESTS,EASTERN TEMPERATE FORESTS,8,8.3  SOUTHEASTERN USA PLAINS,SOUTHEASTERN USA PLAINS,8.3.3,8.3.3  Interior Plateau,Interior Plateau,279,0,1,0,0,1,0,0,1,0,0,1,0,1
64,USKY03,Blevins-Grove Long Term Tillage Trial,USA,Kentucky,0,Plots,0,38.121972,-84.486298,256,13,0,30,0,25,99,0,13,19,7,1473,114,East and Central Farming and Forest Region,N,217,Kentucky Bluegrass,8,8  EASTERN TEMPERATE FORESTS,EASTERN TEMPERATE FORESTS,8,8.3  SOUTHEASTERN USA PLAINS,SOUTHEASTERN USA PLAINS,8.3.3,8.3.3  Interior Plateau,Interior Plateau,277,0,1,0,0,0,0,0,1,0,0,0,0,0
66,USMI01,HF3 Long term organic reduced tillage trial,USA,Michigan,0,Plots,0,42.676091,-84.484878,527,56,1,11,0,22,56,0,9,14,3,945,174,"Lake State Fruit, Truck Crop, and Dairy Region",L,169,Southern Michigan and Northern Indiana Drift Plain,8,8  EASTERN TEMPERATE FORESTS,EASTERN TEMPERATE FORESTS,8,8.1  MIXED WOOD PLAINS,MIXED WOOD PLAINS,8.1.6,8.1.6  Southern Michigan/Northern Indiana Drift Plains,Southern Michigan/Northern Indiana Drift Plains,269,0,0,0,0,0,1,0,0,1,0,0,0,0
67,USMI02,South West Michigan Research and Extension Center,USA,Michigan,0,Plots,0,42.083396,-86.356309,513,49,1,11,1,25,72,1,10,15,4,1086,110,"Lake State Fruit, Truck Crop, and Dairy Region",L,168,Southwestern Michigan Fruit and Truck Crop Belt,8,8  EASTERN TEMPERATE FORESTS,EASTERN TEMPERATE FORESTS,8,8.1  MIXED WOOD PLAINS,MIXED WOOD PLAINS,8.1.6,8.1.6  Southern Michigan/Northern Indiana Drift Plains,Southern Michigan/Northern Indiana Drift Plains,222,0,0,0,1,0,1,0,0,0,0,0,0,0
68,USMI03,Biodiversity Gradient Experiment,USA,Michigan,0,Plots,0,42.406646,-85.37591,270,17,1,12,0,27,71,0,9,15,4,1076,135,"Lake State Fruit, Truck Crop, and Dairy Region",L,169,Southern Michigan and Northern Indiana Drift Plain,8,8  EASTERN TEMPERATE FORESTS,EASTERN TEMPERATE FORESTS,8,8.1  MIXED WOOD PLAINS,MIXED WOOD PLAINS,8.1.6,8.1.6  Southern Michigan/Northern Indiana Drift Plains,Southern Michigan/Northern Indiana Drift Plains,283,0,1,0,1,1,0,0,0,0,0,1,0,1
69,USMI04,Main Cropping System Experiment,USA,Michigan,0,Plots,0,42.408601,-85.369833,253,17,1,12,0,27,72,0,9,14,4,1084,135,"Lake State Fruit, Truck Crop, and Dairy Region",L,169,Southern Michigan and Northern Indiana Drift Plain,8,8  EASTERN TEMPERATE FORESTS,EASTERN TEMPERATE FORESTS,8,8.1  MIXED WOOD PLAINS,MIXED WOOD PLAINS,8.1.6,8.1.6  Southern Michigan/Northern Indiana Drift Plains,Southern Michigan/Northern Indiana Drift Plains,285,0,1,0,0,1,1,1,1,0,0,1,0,1
71,USMN02,Minnesota Long-Term Agricultural Research Network - Lamberton,USA,Minnesota,0,Plots,0,44.237433,-95.308383,108,5,1,17,1,41,37,1,7,13,1,818,101,Central Feed Grains and Livestock Region,M,176,Central Iowa and Minnesota Till Prairies,9,9  GREAT PLAINS,GREAT PLAINS,9,9.2  TEMPERATE PRAIRIES,TEMPERATE PRAIRIES,9.2.3,9.2.3  Western Corn Belt Plains,Western Corn Belt Plains,345,0,1,0,1,1,0,0,0,0,0,1,0,0
72,USMN03,Long-term Tillage Trial,USA,Minnesota,0,Plots,0,44.237872,-95.317591,367,39,1,17,1,41,37,1,7,13,1,818,101,Central Feed Grains and Livestock Region,M,176,Central Iowa and Minnesota Till Prairies,9,9  GREAT PLAINS,GREAT PLAINS,9,9.2  TEMPERATE PRAIRIES,TEMPERATE PRAIRIES,9.2.3,9.2.3  Western Corn Belt Plains,Western Corn Belt Plains,348,0,1,0,0,0,1,0,0,0,0,1,0,0
73,USMN04,Minnesota Long-Term Agricultural Research Network - Wasesa,USA,Minnesota,0,Plots,0,44.069233,-93.528716,328,35,1,22,1,48,66,1,7,12,1,1015,28,Central Feed Grains and Livestock Region,M,176,Central Iowa and Minnesota Till Prairies,9,9  GREAT PLAINS,GREAT PLAINS,9,9.2  TEMPERATE PRAIRIES,TEMPERATE PRAIRIES,9.2.3,9.2.3  Western Corn Belt Plains,Western Corn Belt Plains,349,0,1,0,1,1,0,0,0,0,0,1,0,0
74,USMO01,Centralia Missouri Cropping System Research Site,USA,Missouri,0,Plots,0,39.2303,-92.120713,145,1,1,19,1,30,58,0,12,18,6,1119,102,Central Feed Grains and Livestock Region,M,197,Central Claypan Areas,9,9  GREAT PLAINS,GREAT PLAINS,9,9.2  TEMPERATE PRAIRIES,TEMPERATE PRAIRIES,9.2.4,9.2.4  Central Irregular Plains,Central Irregular Plains,263,0,1,0,1,1,1,0,0,0,0,1,0,1
75,USMO02,Sanborn Field,USA,Missouri,0,Plots,0,38.942552,-92.320666,180,4,1,21,1,29,55,0,13,18,7,1116,115,Central Feed Grains and Livestock Region,M,203,"Central Mississippi Valley Wooded Slopes, Western Part",8,8  EASTERN TEMPERATE FORESTS,EASTERN TEMPERATE FORESTS,8,8.3  SOUTHEASTERN USA PLAINS,SOUTHEASTERN USA PLAINS,8.3.2,8.3.2  Interior River Valleys and Hills,Interior River Valleys and Hills,234,0,1,0,0,1,1,0,0,1,0,1,0,1
76,USMO03,Long Term Tillage Comparision,USA,Missouri,0,Plots,0,40.28961,-95.481081,273,29,1,17,1,41,37,0,11,17,5,946,114,Central Feed Grains and Livestock Region,M,182,Iowa and Missouri Deep Loess Hills,9,9  GREAT PLAINS,GREAT PLAINS,9,9.2  TEMPERATE PRAIRIES,TEMPERATE PRAIRIES,9.2.3,9.2.3  Western Corn Belt Plains,Western Corn Belt Plains,269,0,1,0,0,0,0,0,0,0,0,1,0,0
77,USMO04,Tillage and Cover Crop Management Systems,USA,Missouri,0,Plots,0,40.019044,-92.189222,137,0,1,20,1,37,62,0,11,17,5,1115,107,Central Feed Grains and Livestock Region,M,197,Central Claypan Areas,9,9  GREAT PLAINS,GREAT PLAINS,9,9.2  TEMPERATE PRAIRIES,TEMPERATE PRAIRIES,9.2.4,9.2.4  Central Irregular Plains,Central Irregular Plains,250,0,1,0,1,1,1,0,0,0,0,1,0,1
78,USMO05,MUDS Site,USA,Missouri,0,Plots,0,39.945032,-92.054039,139,0,1,20,1,36,61,0,11,17,5,1111,113,Central Feed Grains and Livestock Region,M,197,Central Claypan Areas,9,9  GREAT PLAINS,GREAT PLAINS,9,9.2  TEMPERATE PRAIRIES,TEMPERATE PRAIRIES,9.2.4,9.2.4  Central Irregular Plains,Central Irregular Plains,242,0,1,0,0,0,0,0,0,0,0,1,1,0
79,USMT01,GRACEnet,USA,Montana,2005,Plots,Randomized complete block,47.7749,-104.247667,135,2,1,10,1,27,0,0,6,13,0,495,391,Northern Great Plains Spring Wheat Region,F,72,Northern Dark Brown Glaciated Plains,9,9  GREAT PLAINS,GREAT PLAINS,9,9.3  WEST-CENTRAL SEMIARID PRAIRIES,WEST-CENTRAL SEMIARID PRAIRIES,9.3.1,9.3.1  Northwestern Glaciated Plains,Northwestern Glaciated Plains,688,0,0,0,0,1,1,0,1,0,0,0,0,1
80,USMT02,Agronomics,USA,Montana,1983,Plots,Randomized complete block,48.258045,-104.494223,132,0,1,12,1,26,-5,0,5,12,-1,456,372,Northern Great Plains Spring Wheat Region,F,72,Northern Dark Brown Glaciated Plains,9,9  GREAT PLAINS,GREAT PLAINS,9,9.3  WEST-CENTRAL SEMIARID PRAIRIES,WEST-CENTRAL SEMIARID PRAIRIES,9.3.1,9.3.1  Northwestern Glaciated Plains,Northwestern Glaciated Plains,655,0,0,0,0,1,1,0,0,0,0,0,0,1
82,USNC02,Reidsville Tillage Trial,USA,North Carolina,1984,Plots,Randomized complete block,36.383909,-79.701812,5167,2544,0,24,0,14,63,0,14,21,8,1282,156,"South Atlantic and Gulf Slope Cash Crops, Forest, and Livestock Region",P,240,Southern Piedmont,8,8  EASTERN TEMPERATE FORESTS,EASTERN TEMPERATE FORESTS,8,8.3  SOUTHEASTERN USA PLAINS,SOUTHEASTERN USA PLAINS,8.3.4,8.3.4  Piedmont,Piedmont,268,0,1,0,1,1,1,0,1,0,0,0,0,0
83,USNC03,CEFS Farming Systems Research Unit,USA,North Carolina,1998,Fields,0,35.38021,-78.037349,1116,243,0,23,0,35,62,0,16,22,10,1399,149,"South Atlantic and Gulf Slope Cash Crops, Forest, and Livestock Region",P,234,Southern Coastal Plain,8,8  EASTERN TEMPERATE FORESTS,EASTERN TEMPERATE FORESTS,8,8.3  SOUTHEASTERN USA PLAINS,SOUTHEASTERN USA PLAINS,8.3.5,8.3.5  Southeastern Plains,Southeastern Plains,21,1,0,0,0,1,0,1,0,1,0,0,0,0
84,USND01,Soil Quality Management Study,USA,North Dakota,1993,Plots,Randomized complete block,46.771323,-100.949344,130,9,1,13,1,30,12,0,5,11,0,581,257,Northern Great Plains Spring Wheat Region,F,75,Rolling Soft Shale Plain,9,9  GREAT PLAINS,GREAT PLAINS,9,9.3  WEST-CENTRAL SEMIARID PRAIRIES,WEST-CENTRAL SEMIARID PRAIRIES,9.3.3,9.3.3  Northwestern Great Plains,Northwestern Great Plains,590,0,1,0,0,1,1,0,0,0,1,0,0,1
85,USND02,CREC Long Term Cropping Systems Study,USA,North Dakota,1987,Plots,Randomized complete block,47.520759,-99.144605,119,6,1,13,1,30,1,1,4,10,0,509,182,Northern Great Plains Spring Wheat Region,F,77,Central Black Glaciated Plains,9,9  GREAT PLAINS,GREAT PLAINS,9,9.2  TEMPERATE PRAIRIES,TEMPERATE PRAIRIES,9.2.1,9.2.1  Aspen Parkland/Northern Glaciated Plains,Aspen Parkland/Northern Glaciated Plains,477,0,1,0,0,0,1,0,1,0,0,1,0,1
86,USNE01,HPAL Long-Term Soil Management Tillage Study,USA,Nebraska,1970,Plots,Randomized complete block,41.258244,-103.011029,572,74,1,12,0,30,-1,0,8,17,0,512,462,Central Great Plains Winter Wheat and Range Region,H,105,Central High Tableland,9,9  GREAT PLAINS,GREAT PLAINS,9,9.4  SOUTH CENTRAL SEMIARID PRAIRIES,SOUTH CENTRAL SEMIARID PRAIRIES,9.4.1,9.4.1  High Plains,High Plains,1297,0,0,0,0,0,1,1,0,0,0,0,0,1
88,USNE03,Platte River High Plains Aquifer (PRHAP) Continuous Corn Irrigated,USA,Nebraska,2001,Fields,0,41.179941,-96.445131,461,84,1,17,1,45,33,0,10,16,4,880,132,Central Feed Grains and Livestock Region,M,179,Nebraska and Kansas Loess-Drift Hills,9,9  GREAT PLAINS,GREAT PLAINS,9,9.2  TEMPERATE PRAIRIES,TEMPERATE PRAIRIES,9.2.3,9.2.3  Western Corn Belt Plains,Western Corn Belt Plains,357,1,1,0,0,1,0,0,0,0,0,1,1,0
89,USNE04,Platte River High Plains Aquifer (PRHAP) Corn-Soybean Irrigated,USA,Nebraska,2001,Fields,0,41.164746,-96.466626,463,84,1,16,1,45,32,0,10,16,4,874,139,Central Feed Grains and Livestock Region,M,179,Nebraska and Kansas Loess-Drift Hills,9,9  GREAT PLAINS,GREAT PLAINS,9,9.2  TEMPERATE PRAIRIES,TEMPERATE PRAIRIES,9.2.3,9.2.3  Western Corn Belt Plains,Western Corn Belt Plains,356,1,1,0,0,1,0,0,0,0,0,1,1,0
90,USNE05,Platte River High Plains Aquifer (PRHAP) Corn-Soybean Rainfed,USA,Nebraska,2001,Fields,0,41.164935,-96.478216,463,84,1,16,1,46,32,0,10,16,4,878,137,Central Feed Grains and Livestock Region,M,179,Nebraska and Kansas Loess-Drift Hills,9,9  GREAT PLAINS,GREAT PLAINS,9,9.2  TEMPERATE PRAIRIES,TEMPERATE PRAIRIES,9.2.3,9.2.3  Western Corn Belt Plains,Western Corn Belt Plains,356,1,1,0,0,1,0,0,0,0,0,1,1,0
91,USNE06,Platte River High Plains Aquifer (PRHAP) Pasture/Grazing,USA,Nebraska,2014,Fields,0,41.144732,-96.461858,464,85,1,16,1,46,32,0,10,16,4,880,140,Central Feed Grains and Livestock Region,M,179,Nebraska and Kansas Loess-Drift Hills,9,9  GREAT PLAINS,GREAT PLAINS,9,9.2  TEMPERATE PRAIRIES,TEMPERATE PRAIRIES,9.2.3,9.2.3  Western Corn Belt Plains,Western Corn Belt Plains,354,1,1,0,0,1,0,0,0,0,0,1,1,0
92,USNY01,Chazy Tillage plots CT-6,USA,New York,0,Plots,0,44.885512,-73.471141,730,131,0,11,0,26,64,0,7,13,2,972,124,Northeastern Forage and Forest Region,R,246,St. Lawrence-Champlain Plain,8,8  EASTERN TEMPERATE FORESTS,EASTERN TEMPERATE FORESTS,8,8.1  MIXED WOOD PLAINS,MIXED WOOD PLAINS,8.1.1,8.1.1  Eastern Great Lakes Lowlands,Eastern Great Lakes Lowlands,57,0,1,0,0,0,1,0,0,0,1,0,0,0
93,USNY02,Willsboro Farm Drainage Plots- Sand DR5,USA,New York,0,Plots,0,44.379429,-73.393589,736,132,0,16,0,25,68,0,8,14,2,1017,119,Northeastern Forage and Forest Region,R,246,St. Lawrence-Champlain Plain,8,8  EASTERN TEMPERATE FORESTS,EASTERN TEMPERATE FORESTS,8,8.1  MIXED WOOD PLAINS,MIXED WOOD PLAINS,8.1.1,8.1.1  Eastern Great Lakes Lowlands,Eastern Great Lakes Lowlands,66,0,1,0,0,0,1,0,0,0,0,0,0,0
94,USNY03,Willsboro Farm Drainage Plots - Clay DR1,USA,New York,0,Plots,0,44.380459,-73.378725,761,141,0,16,0,25,66,0,8,14,2,1009,121,Northeastern Forage and Forest Region,R,246,St. Lawrence-Champlain Plain,8,8  EASTERN TEMPERATE FORESTS,EASTERN TEMPERATE FORESTS,8,8.1  MIXED WOOD PLAINS,MIXED WOOD PLAINS,8.1.1,8.1.1  Eastern Great Lakes Lowlands,Eastern Great Lakes Lowlands,45,0,1,0,0,0,1,0,0,0,0,0,0,0
95,USNY04,Musgrave Tillage Plots - Field E2,USA,New York,0,Plots,0,42.732712,-76.660166,817,161,0,7,0,21,70,0,8,14,3,1033,130,"Lake State Fruit, Truck Crop, and Dairy Region",L,172,Ontario-Erie Plain and Finger Lakes Region,8,8  EASTERN TEMPERATE FORESTS,EASTERN TEMPERATE FORESTS,8,8.1  MIXED WOOD PLAINS,MIXED WOOD PLAINS,8.1.1,8.1.1  Eastern Great Lakes Lowlands,Eastern Great Lakes Lowlands,245,0,1,0,1,0,1,0,0,0,0,0,0,0
96,USOH02,Northwest OARDC No-Till and Rotation Plot,USA,Ohio,0,Plots,0,41.222075,-83.761818,1564,545,0,22,0,23,57,0,10,16,5,1041,191,"Lake State Fruit, Truck Crop, and Dairy Region",L,170,Erie-Huron Lake Plain,8,8  EASTERN TEMPERATE FORESTS,EASTERN TEMPERATE FORESTS,8,8.2  CENTRAL USA PLAINS,CENTRAL USA PLAINS,8.2.2,8.2.2  Huron/Erie Lake Plains,Huron/Erie Lake Plains,212,0,1,0,0,1,1,0,0,0,0,1,0,0
97,USOH03,Wooster Long-Term No-Till Trial,USA,Ohio,0,Plots,0,40.763633,-81.906394,773,146,0,15,0,20,69,0,10,16,4,1100,117,Northeastern Forage and Forest Region,R,243,Lake Erie Glaciated Plateau,8,8  EASTERN TEMPERATE FORESTS,EASTERN TEMPERATE FORESTS,8,8.1  MIXED WOOD PLAINS,MIXED WOOD PLAINS,8.1.10,8.1.10  Erie Drift Plain,Erie Drift Plain,336,0,1,0,0,1,1,0,0,0,0,1,0,0
98,USOK01,The Water Resources and Erosion Watersheds (WRE),USA,Oklahoma,1976,Pasture paddock(s),0,35.541181,-98.049615,2342,978,1,22,0,34,12,0,15,22,9,869,334,Central Great Plains Winter Wheat and Range Region,H,122,Central Rolling Red Prairies,9,9  GREAT PLAINS,GREAT PLAINS,9,9.4  SOUTH CENTRAL SEMIARID PRAIRIES,SOUTH CENTRAL SEMIARID PRAIRIES,9.4.2,9.4.2  Central Great Plains,Central Great Plains,425,1,0,0,1,1,0,1,0,0,0,0,0,0
99,USOR01,Columbia Basin Agricultural Research Center - Moro wheat,USA,Oregon,2003,Plots,Randomized complete block,45.48376,-120.718751,381,17,0,7,0,15,-18,0,10,16,4,340,696,Northwestern Wheat and Range Region,B,10,Columbia Plateau,10,10  NORTH AMERICAN DESERTS,NORTH AMERICAN DESERTS,10,10.1  COLD DESERTS,COLD DESERTS,10.1.2,10.1.2  Columbia Plateau,Columbia Plateau,578,0,0,0,1,0,1,0,0,0,1,0,0,1
100,USOR02,Columbia Basin Agricultural Research Center70 - permanent perennial grass baseline,USA,Oregon,1931,Fields,Native baseline,45.720534,-118.627504,372,10,0,6,0,18,-5,0,11,17,4,473,652,Northwestern Wheat and Range Region,B,10,Columbia Plateau,10,10  NORTH AMERICAN DESERTS,NORTH AMERICAN DESERTS,10,10.1  COLD DESERTS,COLD DESERTS,10.1.2,10.1.2  Columbia Plateau,Columbia Plateau,456,0,0,0,0,0,0,1,0,0,0,0,0,0
101,USOR03,"Columbia Basin Agricultural Research Center72 - Wheat, Peas",USA,Oregon,1963,Plots,Randomized complete block,45.721236,-118.624501,372,10,0,6,0,18,-5,0,11,17,4,473,648,Northwestern Wheat and Range Region,B,11,Palouse and Nez Perce Prairies,10,10  NORTH AMERICAN DESERTS,NORTH AMERICAN DESERTS,10,10.1  COLD DESERTS,COLD DESERTS,10.1.2,10.1.2  Columbia Plateau,Columbia Plateau,455,0,0,0,0,0,1,1,0,0,0,0,0,1
102,USOR04,Columbia Basin Agricultural Research Center73 - 1940 Residue Mngmt,USA,Oregon,1931,Plots,Ordered block,45.723294,-118.621987,364,10,0,6,0,18,-5,0,11,17,4,473,648,Northwestern Wheat and Range Region,B,11,Palouse and Nez Perce Prairies,10,10  NORTH AMERICAN DESERTS,NORTH AMERICAN DESERTS,10,10.1  COLD DESERTS,COLD DESERTS,10.1.2,10.1.2  Columbia Plateau,Columbia Plateau,451,0,0,0,0,0,0,1,0,1,1,0,0,1
103,USPA01,Farming Systems Trial,USA,Pennsylvania,0,Plots,0,40.551527,-75.728956,196,6,0,28,0,26,104,0,11,16,5,1396,98,Northern Atlantic Slope Diversified Farming Region,S,252,Northern Appalachian Ridges and Valleys,8,8  EASTERN TEMPERATE FORESTS,EASTERN TEMPERATE FORESTS,8,8.4  OZARK/OUACHITA-APPALACHIAN FORESTS,OZARK/OUACHITA-APPALACHIAN FORESTS,8.4.1,8.4.1  Ridge and Valley,Ridge and Valley,169,0,1,0,1,1,1,0,0,1,0,1,0,1
105,USPA03,Penn State Sustainable Dairy Cropping Systems project,USA,Pennsylvania,0,Plots,0,40.721566,-77.921477,148,3,0,24,0,22,82,0,9,15,4,1157,160,Northern Atlantic Slope Diversified Farming Region,S,252,Northern Appalachian Ridges and Valleys,8,8  EASTERN TEMPERATE FORESTS,EASTERN TEMPERATE FORESTS,8,8.4  OZARK/OUACHITA-APPALACHIAN FORESTS,OZARK/OUACHITA-APPALACHIAN FORESTS,8.4.1,8.4.1  Ridge and Valley,Ridge and Valley,378,0,1,0,1,1,1,0,0,1,0,1,0,0
106,USSC02,ARS-USDA Long Term Conservation Tillage DOE Plots,USA,South Carolina,1979,Plots,0,34.286072,-79.7474,2339,939,0,24,0,28,45,0,17,24,11,1299,208,"South Atlantic and Gulf Slope Cash Crops, Forest, and Livestock Region",P,234,Southern Coastal Plain,8,8  EASTERN TEMPERATE FORESTS,EASTERN TEMPERATE FORESTS,8,8.3  SOUTHEASTERN USA PLAINS,SOUTHEASTERN USA PLAINS,8.3.5,8.3.5  Southeastern Plains,Southeastern Plains,38,0,1,0,1,1,1,0,0,0,0,1,0,0
108,USSD02,SDaltrot,USA,South Dakota,2000,Plots,Randomized complete block,44.352779,-96.804699,357,36,1,16,1,42,30,1,6,12,0,744,70,Central Feed Grains and Livestock Region,M,173,Rolling Till Prairie,9,9  GREAT PLAINS,GREAT PLAINS,9,9.2  TEMPERATE PRAIRIES,TEMPERATE PRAIRIES,9.2.1,9.2.1  Aspen Parkland/Northern Glaciated Plains,Aspen Parkland/Northern Glaciated Plains,507,0,1,0,1,1,0,0,0,0,0,1,0,1
109,USSD03,SDSU Cottonwood Research Station/Long-Term Grazing Study,USA,South Dakota,1942,Open range,Paired,43.94557,-101.855181,822,195,1,15,1,31,-2,0,8,16,1,509,415,Western Great Plains Range and Irrigated Region,G,89,Northern Rolling Pierre Shale Plains,9,9  GREAT PLAINS,GREAT PLAINS,9,9.3  WEST-CENTRAL SEMIARID PRAIRIES,WEST-CENTRAL SEMIARID PRAIRIES,9.3.3,9.3.3  Northwestern Great Plains,Northwestern Great Plains,736,1,0,0,0,0,0,1,0,0,0,0,0,0
113,USTX02,AG-CARES Long-term Tillage,USA,Texas,1998,Plots,Randomized complete block,32.772778,-101.938333,840,147,0,16,0,20,-26,0,17,24,9,449,968,Central Great Plains Winter Wheat and Range Region,H,113,"Southern High Plains, Southern Part",9,9  GREAT PLAINS,GREAT PLAINS,9,9.4  SOUTH CENTRAL SEMIARID PRAIRIES,SOUTH CENTRAL SEMIARID PRAIRIES,9.4.1,9.4.1  High Plains,High Plains,913,0,0,1,1,1,1,0,0,0,0,0,0,0
114,USTX03,Sorghum and cotton no-till vs conventional till at Corpus Christi,USA,Texas,2008,Plots,Complete block with factorial treatment structure,27.782086,-97.571067,734,245,0,29,0,37,-13,0,22,27,17,849,648,Atlantic and Gulf Coast Lowland Forest and Crop Region,T,256,Gulf Coast Prairies,9,9  GREAT PLAINS,GREAT PLAINS,9,9.5  TEXAS-LOUISIANA COASTAL PLAIN,TEXAS-LOUISIANA COASTAL PLAIN,9.5.1,9.5.1  Western Gulf Coastal Plain,Western Gulf Coastal Plain,17,0,0,1,0,1,1,0,0,0,0,0,0,0
115,USTX05,Central Texas Tillage Rotation and Fertility Study,USA,Texas,1982,Plots,Split split plot,30.548188,-96.433953,2160,847,0,31,0,29,16,0,20,27,13,1113,444,Southwestern Prairies Cotton and Forage Region,J,147,"Texas Claypan Area, Southern Part",8,8  EASTERN TEMPERATE FORESTS,EASTERN TEMPERATE FORESTS,8,8.3  SOUTHEASTERN USA PLAINS,SOUTHEASTERN USA PLAINS,8.3.8,8.3.8  East Central Texas Plains,East Central Texas Plains,67,0,0,0,0,1,1,0,1,0,0,0,0,1
118,USVA01,Long-term Poultry Litter Rotation,USA,Virginia,0,Plots,Randomized complete block,37.588457,-75.827787,326,20,0,14,0,22,56,0,15,19,10,1229,121,Atlantic and Gulf Coast Lowland Forest and Crop Region,T,264,Tidewater Area,8,8  EASTERN TEMPERATE FORESTS,EASTERN TEMPERATE FORESTS,8,8.5  MISSISSIPPI ALLUVIAL AND SOUTHEAST USA COASTAL PLAINS,MISSISSIPPI ALLUVIAL AND SOUTHEAST USA COASTAL PLAINS,8.5.1,8.5.1  Middle Atlantic Coastal Plain,Middle Atlantic Coastal Plain,8,0,1,0,1,1,0,1,0,1,0,1,0,1
119,USWA01,"Long Term Biosolids Research Plots, GP-17",USA,Washington,1994,Plots,Randomized complete block,47.916123,-119.795288,218,0,0,9,0,17,-1,0,8,13,3,437,572,Northwestern Wheat and Range Region,B,10,Columbia Plateau,10,10  NORTH AMERICAN DESERTS,NORTH AMERICAN DESERTS,10,10.1  COLD DESERTS,COLD DESERTS,10.1.2,10.1.2  Columbia Plateau,Columbia Plateau,855,0,0,0,0,0,0,0,1,1,0,0,0,1
120,USWA02,Jirava Long-Term Cropping Systems Study,USA,Washington,1997,Plots,Randomized complete block,47.143124,-118.472172,231,2,0,8,0,12,-19,0,9,16,3,330,704,Northwestern Wheat and Range Region,B,10,Columbia Plateau,10,10  NORTH AMERICAN DESERTS,NORTH AMERICAN DESERTS,10,10.1  COLD DESERTS,COLD DESERTS,10.1.2,10.1.2  Columbia Plateau,Columbia Plateau,569,0,0,0,0,1,1,0,0,0,0,0,0,1
121,USWA03,No-till/conventional tillage Integrated Cropping Systems Research Project,USA,Washington,1995,Plots,Randomized complete block,46.913789,-118.399119,0,0,0,8,0,11,-21,0,10,16,3,321,726,Northwestern Wheat and Range Region,B,10,Columbia Plateau,10,10  NORTH AMERICAN DESERTS,NORTH AMERICAN DESERTS,10,10.1  COLD DESERTS,COLD DESERTS,10.1.2,10.1.2  Columbia Plateau,Columbia Plateau,528,0,0,0,0,1,1,0,0,0,1,0,0,1
122,USWI01,The Wisconsin Integrated Cropping Systems Trial (WICST),USA,Wisconsin,0,Plots,0,43.301718,-89.329366,273,27,1,16,1,36,68,1,7,13,2,1015,78,Northern Lake States Forest and Forage Region,K,166,Southern Wisconsin and Northern Illinois Drift Plain,8,8  EASTERN TEMPERATE FORESTS,EASTERN TEMPERATE FORESTS,8,8.2  CENTRAL USA PLAINS,CENTRAL USA PLAINS,8.2.1,8.2.1  Southeastern Wisconsin Till Plains,Southeastern Wisconsin Till Plains,314,1,0,0,0,0,0,0,0,0,0,0,0,0
123,USWV01,Organic Crop Livestock Systems Experiment,USA,West Virginia,0,Pasture paddock(s),0,39.64966,-79.936769,550,86,0,18,0,20,88,0,11,17,5,1291,138,East and Central Farming and Forest Region,N,222,Central Allegheny Plateau,8,8  EASTERN TEMPERATE FORESTS,EASTERN TEMPERATE FORESTS,8,8.4  OZARK/OUACHITA-APPALACHIAN FORESTS,OZARK/OUACHITA-APPALACHIAN FORESTS,8.4.3,8.4.3  Western Allegheny Plateau,Western Allegheny Plateau,382,1,0,0,0,1,0,0,1,0,0,0,0,0
124,USWY01,"USDA-ARS Cheyenne, WY East Unit",USA,Wyoming,1982,Pasture,Randomized,41.1966212120134,-104.911118796689,2955,1062,0,7,0,26,2,0,7,14,0,483,491,Western Great Plains Range and Irrigated Region,G,95,"Central High Plains, Northern Part",9,9  GREAT PLAINS,GREAT PLAINS,9,9.4  SOUTH CENTRAL SEMIARID PRAIRIES,SOUTH CENTRAL SEMIARID PRAIRIES,9.4.1,9.4.1  High Plains,High Plains,1950,1,0,0,0,0,0,1,0,0,0,0,0,0
