Lab No,Crop 2023,Planting Method,Tillage,Soil Type,Cover Crop,Crop_Diversity,Grazing,Fertilization,Lime,Longtitude,Latitude,Field,Sample_ID,Season,Date_Rept,B_Depth,E_Depth,pH,Buffer_pH,Salts,Excess_Lime,OM%,AA_K,M3_S,DTPA_Zn,M3_Fe,DTPA_Mn,DTPA_Cu,AA_Ca,AA_Mg,AA_Na,CEC,%Hsat,%Ksat,%Casat,%Mgsat,%Nasat,M3_P,NO3_N_H2O,OC_H2O_mg/kg,ON_H2O_mg/kg,CN_H2O,,Aggstab1_2mm,BulkAgStab1_2mm,NH4_N_H2O,CO2_24hr,WSA_Mod,N_H2O,SoilHealth,%MAC,ON_release_ppm,ON_reserve_ppm,H3A_NO3,H3A_NH4,H3A_IN,H3A_P,H3A_IP,H3A_OP,H3A_ICAPK,H3A_ICAPCa,H3A_ICAPAl,H3A_ICAPFe,H3A_ICAPS,H3A_ICAPZn,H3A_ICAPMn,H3ACu,H3A_ICAPMg,H3A_ICAPNa,Biomass,Diversity_Index,Bacteria%,TotalBacteriabiomass,Actinomycetes%,Actinomycetes_Biomass,Gram_neg%,Gram_neg_biomass,Rhizobia%,Rhizobia_Biomass,TotalFungi%,Total_Fungi_Biomass,Arbuscular_Myc%,Arbuscular_Myc_biomass,Saprophytic%,Saprophytes_Biomass,Protozoan%,Protozoa_biomasss,gram_pos_biomass,gram_pos%,Undifferentiated%,UndifferentiatedBiomass,Fungi_Bacteria,Predator_Prey,Grampos_Gramneg,Sat_Unsat,Mono_Poly,Pre161w7ccy170,Pre181w7ccy190,2N KCl NO3-N ppm N,KCl NH4-N ppm,% Sand,% Silt,% Clay,Texture,Ace Protein g/Kg
247934,Corn,,No-Till,,No Cover Crop,Low Crop Diversity,,,,-95.7566,39.5132,E1,E1_A ,Fall,11/27/2023,0,8,5.4,6.1,0.1,NONE,3.4,73,13,0.77,46.3,13.5,0.58,1523,249,12,18.8,47,1,40,11,0,27,4.54,116,8.2,14.15,,8,SAND PRESENT,0.3,86.8,72,13,12.05,74.8,8.2,0,8.1,2.5,,11,3,8,37,447,180,70,7.4,0.47,5.9,0.1,93,18,1506.15,1.393,45.04,678.34,11,165.67,10.27,154.75,0,0,9.2,138.59,2.11,31.76,7.09,106.83,0,0,523.6,34.76,45.76,689.21,0.2043,ALL PREY,3.3836,2.7305,21.913,1.7444,0.4892,,,26,36,38,Clay Loam,
247935,Corn,,No-Till,,No Cover Crop,Low Crop Diversity,,,,-95.7554,39.5132,E1,E1_B ,Fall,11/27/2023,0,8,5.1,5.8,0.14,NONE,4.4,104,9.3,0.5,71.5,15.2,0.95,1921,349,15,24.7,48,1,39,12,0,22,5.97,158,15.2,10.39,,54,9,0.2,101.8,73,21.3,14.82,64.5,15.2,0,11.3,3.2,,10,1.9,8.1,46,437,167,86,5.8,0.39,5.1,0.28,103,22,1756.62,1.564,47.73,838.52,10.36,181.98,13.58,238.61,0.91,15.9,12.15,213.51,2.48,43.58,9.67,169.93,1.43,25.04,599.9,34.15,38.69,679.56,0.2546,0.0299,2.5141,2.1702,12.3882,2.0459,0.6189,,,8,48,44,Silty Clay,
247936,Corn,,No-Till,,No Cover Crop,Low Crop Diversity,,,,-95.7543,39.5132,E1,E1_C ,Fall,11/27/2023,0,8,5.2,5.8,0.13,NONE,4.8,95,9.9,0.71,95.5,18.9,0.84,1717,267,11,22.8,51,1,38,10,0,27,6.17,117,10.5,11.14,,46,SAND PRESENT,2.1,125.5,70,18.8,15.33,107.4,10.5,0,11.3,4.5,,12,2.1,9.9,44,458,139,97,6.5,0.56,7.1,0.13,92,19,1941.16,1.4,48.55,942.42,11.62,225.59,11.34,220.22,0,0,9.49,184.27,2.97,57.74,6.52,126.53,0,0,722.21,37.2,41.96,814.46,0.1955,ALL PREY,3.2796,2.5822,16.5708,1.9452,0.4885,,,8,52,40,Silty Clay,
247937,Corn,,No-Till,,No Cover Crop,Low Crop Diversity,,,,-95.7566,39.5121,E1,E1_D ,Fall,11/27/2023,0,8,5.6,6.3,0.11,NONE,4,78,7.3,0.7,64,10.1,0.71,1732,295,14,18.9,40,1,46,13,0,29,7.98,118,11.6,10.17,,34,SAND PRESENT,0.9,108.1,67,20.5,14.16,91.8,11.6,0,11.1,2,,13,2.8,10.2,40,522,138,74,6.3,0.47,4.8,0.17,113,20,1930.29,1.431,46.51,897.8,11.45,220.92,11.99,231.47,0,0,9.8,189.09,3.06,59.16,6.73,129.92,0,0,666.33,34.52,43.69,843.4,0.2106,ALL PREY,2.8787,2.5375,17.5094,1.8165,0.5263,,,16,44,40,Silty Clay,
247938,Corn,,No-Till,,No Cover Crop,Low Crop Diversity,,,,-95.7553,39.5121,E1,E1_E ,Fall,11/27/2023,0,8,5.3,6.1,0.09,NONE,3.8,84,9.4,0.58,67.6,12.8,0.68,1566,268,12,19.1,46,1,41,12,0,25,6.27,100,8.3,12.05,,31,SAND PRESENT,0.3,103.9,66,14.8,13.13,104.1,8.3,0,10.7,2.9,,12,2.8,9.2,43,451,156,84,5.7,0.52,5.5,0.16,98,21,1594.25,1.359,50.27,801.4,12.31,196.22,11.13,177.49,0,0,8.21,130.95,2.22,35.45,5.99,95.5,0,0,623.91,39.13,41.52,661.9,0.1634,ALL PREY,3.5152,2.6359,16.5513,1.8624,0.492,,,12,44,44,Silty Clay,
247939,Corn,,No-Till,,No Cover Crop,Low Crop Diversity,,,,-95.7543,39.5121,E1,E1_F ,Fall,11/27/2023,0,8,5,5.7,0.1,NONE,4.7,131,10.7,1.52,85.8,32.4,1.14,1635,293,11,23.6,53,1,35,10,0,33,5.72,127,12.5,10.16,,45,SAND PRESENT,0.3,101.2,67,18.6,13.89,79.6,12.5,0,9.4,2.8,,12,2.4,9.6,55,404,154,81,5.2,0.51,7.7,0.33,93,16,2096.41,1.36,48.98,1026.8,11.51,241.29,10.64,223.12,0,0,8.76,183.69,2.17,45.54,6.59,138.16,0,0,803.67,38.34,42.26,885.92,0.1789,ALL PREY,3.6019,2.9022,16.3955,1.7105,0.4387,,,2,54,44,Silty Clay,
247940,Corn,,No-Till,,No Cover Crop,Low Crop Diversity,,,,-95.7566,39.511,E1,E1_G ,Fall,11/27/2023,0,8,5.6,6.4,0.13,NONE,4,92,8.7,0.63,73.6,12,0.85,2071,344,18,19.2,30,1,54,15,0,30,6.25,126,11.8,10.68,,41,10,0.1,151.9,57,18.2,17.46,121,11.8,0,10.1,2.6,,15,5,10,45,521,134,81,6.3,0.5,4.5,0.13,111,25,1753.73,1.391,49.02,859.62,12.11,212.35,11.9,208.68,0,0,8.8,154.33,2.4,42.1,6.4,112.23,0,0,650.93,37.12,42.18,739.78,0.1795,ALL PREY,3.1192,2.6946,14.2005,1.963,0.5605,,,6,52,42,Silty Clay,
247941,Corn,,No-Till,,No Cover Crop,Low Crop Diversity,,,,-95.7553,39.5109,E1,E1_H ,Fall,11/27/2023,0,8,5.3,6.1,0.15,NONE,4.1,126,8.1,0.95,83,15.4,0.94,2256,387,20,23.9,38,1,47,13,0,48,6.56,152,8.3,18.31,,54,11,6.1,117.5,72,20.9,15.22,77.4,8.3,0,10.2,2.4,,26,11.2,14.8,59,536,171,98,8,0.72,5.6,0.53,114,36,1925.5,1.349,47.26,909.92,11.52,221.86,10.24,197.21,0,0,7.82,150.65,1.74,33.6,6.08,117.05,0,0,712.71,37.01,44.92,864.93,0.1656,ALL PREY,3.6141,3.18,49.6663,1.7179,0.4756,,,8,48,44,Silty Clay,
247942,Corn,,No-Till,,No Cover Crop,Low Crop Diversity,,,,-95.7543,39.511,E1,E1_I ,Fall,11/27/2023,0,8,5.2,6,0.15,NONE,4.1,85,7.1,0.79,90.5,19.7,0.9,1529,244,12,20.1,51,1,38,10,0,36,8.66,102,6.8,15,,43,8,0.7,100.8,60,16.1,12.78,99.1,6.8,0,13.3,2.4,,14,4.7,9.3,46,466,137,86,5.5,0.55,6.9,0.23,93,18,2127.56,1.352,50.21,1068.32,11.46,243.78,10.55,224.43,0,0,8.81,187.37,2.49,52.92,6.32,134.44,0,0,843.89,39.66,40.98,871.87,0.1754,ALL PREY,3.7602,2.9411,18.4348,1.6569,0.4819,,,6,52,42,Silty Clay,
247943,Soybeans,,No-Till,,No Cover Crop,Low Crop Diversity,,,,-95.7532,39.5121,E2,E2_A,Fall,11/27/2023,0,8,4.8,5.6,0.17,NONE,3.9,130,8.4,0.84,81.3,30.1,0.98,2059,368,16,27.6,50,1,37,11,0,40,8.04,125,12.5,10,,52,22,0.7,104.4,67,21.2,14.11,83.3,12.5,0,12.5,2.7,,17,6,11,72,425,158,91,5.8,0.53,9.8,0.15,95,18,1958.74,1.391,44.89,879.22,10.32,202.2,10.66,208.88,0,0,9.76,191.24,1.9,37.29,7.86,153.95,0,0,670.34,34.22,45.35,888.29,0.2175,ALL PREY,3.2093,2.7142,17.2599,1.7312,0.4827,,,4,54,42,Silty Clay,
247944,Soybeans,,No-Till,,No Cover Crop,Low Crop Diversity,,,,-95.7532,39.5099,E2,E2_B ,Fall,11/27/2023,0,8,5.2,6,0.17,NONE,4.5,121,5.7,1.54,75.4,20.2,0.85,1811,307,9,22.4,47,1,40,11,0,33,8.59,121,10.9,11.1,,54,24,0.01,103.8,68,19.5,13.8,86.1,10.9,0,15.2,2.5,,17,4.9,12.1,79,515,141,77,7,0.88,7.8,0.12,110,17,2122.75,1.549,46.66,990.43,10.42,221.19,14.07,298.57,0.71,14.99,10.19,216.39,2.34,49.67,7.85,166.72,1.23,26.06,691.86,32.59,41.92,889.86,0.2185,0.0263,2.3172,2.3158,13.5834,2.102,0.637,,,4,54,42,Silty Clay,
247945,Soybeans,,No-Till,,No Cover Crop,Low Crop Diversity,,,,-95.7517,39.5099,E2,E2_C ,Fall,11/27/2023,0,8,5.1,5.8,0.17,NONE,4.2,127,6.4,0.69,70,23.1,0.91,2007,359,10,25.2,47,1,40,12,0,22,8.08,127,12.2,10.41,,58,22,0.3,107.8,74,20.6,14.37,84.9,12.2,0,12.8,5.3,,14,3.4,10.6,63,481,129,72,6.2,0.73,8.4,0.13,110,17,2406.57,1.433,47.55,1144.36,10.47,251.91,13.6,327.25,0,0,10.78,259.55,2.86,68.88,7.92,190.67,0,0,817.11,33.95,41.66,1002.66,0.2268,ALL PREY,2.4969,2.3626,20.3685,2.0934,0.5614,,,4,50,46,Silty Clay,
247946,Soybeans,,No-Till,,No Cover Crop,Low Crop Diversity,,,,-95.7528,39.5087,E2,E2_D ,Fall,11/27/2023,0,8,5.3,6,0.16,NONE,4.6,108,6,1.99,80.1,17.5,0.82,1996,294,9,22.3,43,1,45,11,0,30,8.37,135,11.6,11.64,,50,21,0.6,140.6,65,20.5,16.86,104.3,11.6,0,13.1,2.7,,15,3.5,11.5,75,578,120,75,6.7,0.96,6.7,0.13,108,15,1969.77,1.44,48.07,946.91,10.9,214.65,14.24,280.51,0,0,10.6,208.83,3.01,59.34,7.59,149.49,0,0,666.4,33.83,41.33,814.03,0.2205,ALL PREY,2.3757,2.3014,35.3708,2.1378,0.5948,,,6,52,42,Silty Clay,
247947,Soybeans,,No-Till,,No Cover Crop,Low Crop Diversity,,,,-95.7517,39.5087,E2,E2_E ,Fall,11/27/2023,0,8,5.2,6,0.19,NONE,4.3,151,6.2,1.7,72.8,17,0.94,2129,309,9,24,43,2,44,11,0,33,10.1,138,12.4,11.13,,50,19,1.5,107.8,65,23.9,14.61,78.2,12.4,0,15.6,2.2,,19,6.5,12.5,61,554,133,76,6.6,0.88,6.5,0.09,103,17,2021.19,1.488,47.52,960.51,11.14,225.08,13.75,277.94,0,0,11.74,237.3,2.84,57.32,8.9,179.98,0.51,10.28,682.57,33.77,40.23,813.1,0.2471,0.0107,2.4558,2.2337,29.6711,1.9885,0.6552,,,10,50,40,Silty Clay,
247948,Soybeans,,No-Till,,No Cover Crop,Low Crop Diversity,,,,-95.7528,39.5076,E2,E2_F ,Fall,11/27/2023,0,8,5.6,6.4,0.15,NONE,4.2,113,5.2,0.96,53.2,10.8,0.73,2373,377,19,21.8,29,1,54,14,0,18,6.2,148,12.6,11.75,,50,0,0.01,116.1,72,18.8,15.46,78.5,12.6,0,11.7,2.4,,13,3.8,9.2,47,540,137,65,5.9,0.55,3.9,0.12,107,24,1677.76,1.392,47.57,798.07,11.2,187.89,12.06,202.36,0,0,8.84,148.26,2.19,36.82,6.64,111.44,0,0,595.71,35.51,43.6,731.43,0.1858,ALL PREY,2.9439,2.6348,20.7809,1.8587,0.5637,,,12,44,44,Silty Clay,
247949,Soybeans,,No-Till,,No Cover Crop,Low Crop Diversity,,,,-95.7516,39.5076,E2,E2_G ,Fall,11/27/2023,0,8,5.3,6,0.16,NONE,4.4,110,6.3,1.2,76.8,17.3,0.94,2067,280,8,22.6,43,1,46,10,0,34,6.8,140,14.7,9.52,,50,27,0.01,99,62,21.5,14.19,70.7,14.7,0,13.4,2.7,,23,9.3,13.7,66,607,127,75,8.5,0.97,6.3,0.17,104,26,2076.34,1.439,46.16,958.34,11.3,234.67,12.76,264.99,0,0,10.08,209.26,2.74,56.94,7.34,152.32,0,0,693.36,33.39,43.77,908.73,0.2184,ALL PREY,2.6166,2.4099,29.3737,1.897,0.5679,,,8,52,40,Silty Clay,
247950,Corn,,No-Till,,No Cover Crop,Low Crop Diversity,,,,-95.7566,39.5098,E3,E3_A ,Fall,11/27/2023,0,8,5.7,6.4,0.16,NONE,4.3,134,6.5,0.97,49.4,10,0.81,2440,457,13,22,25,2,55,17,0,24,4.15,168,13.4,12.54,,59,20,0.01,129.3,76,17.6,16.91,77,13.4,0,8.7,2.6,,21,7.2,13.8,57,589,167,75,8,0.82,4.6,0.31,134,21,2644.08,1.506,50.09,1324.47,12.01,317.58,11.74,310.51,0,0,12.61,333.34,3.09,81.71,9.52,251.63,1.47,38.81,1013.96,38.35,35.83,947.47,0.2517,0.0293,3.2655,2.119,14.7447,2.0775,0.5928,,,2,48,50,Silty Clay,
247951,Corn,,No-Till,,No Cover Crop,Low Crop Diversity,,,,-95.7554,39.5099,E3,E3_B ,Fall,11/27/2023,0,8,5.3,6.2,0.16,NONE,4.1,94,5.9,1.41,66.3,14.2,0.89,1949,336,20,21,39,1,46,13,0,20,10.7,139,15.5,8.97,,38,1,0.01,108.8,57,26.2,15.01,78.6,15.5,0,17.2,2.8,,15,4.6,10.4,51,539,133,70,6.7,0.83,5.9,0.17,115,30,2927.68,1.457,49.18,1439.78,11.07,324.23,12.85,376.23,0,0,11.47,335.76,3.01,88.04,8.46,247.71,0.38,11.08,1063.56,36.33,38.97,1141.06,0.2332,0.0077,2.8269,2.2705,28.2759,1.8251,0.6166,,,4,48,48,Silty Clay,
247952,Corn,,No-Till,,No Cover Crop,Low Crop Diversity,,,,-95.7543,39.5099,E3,E3_C ,Fall,11/27/2023,0,8,5.4,6.2,0.15,NONE,5,95,7.3,1.32,72.1,17,0.85,1599,269,9,18.3,43,1,44,12,0,32,10.2,148,13.4,11.04,,56,26,0.4,111.4,70,24,15.18,75.5,13.4,0,15.8,3.3,,18,5.5,12.5,66,556,142,72,7.4,0.83,7.4,0.82,116,20,2244.37,1.477,48.79,1095.11,11.34,254.62,12.22,274.3,0,0,10.78,241.95,2.89,64.85,7.89,177.1,0.93,20.9,820.81,36.57,39.49,886.4,0.2209,0.0191,2.9924,2.2454,12.4948,1.9747,0.5905,,,6,50,44,Silty Clay,
247953,Corn,,No-Till,,No Cover Crop,Low Crop Diversity,,,,-95.7566,39.5087,E3,E3_D ,Fall,11/27/2023,0,8,5.7,6.3,0.11,NONE,4.5,91,4.3,0.79,55.7,7.6,0.67,2351,394,20,22.1,30,1,53,15,0,16,5.63,120,9.7,12.37,,44,15,0.01,119.7,59,15.4,14.88,100,9.7,0,9.3,2,,15,3.9,11.1,47,642,124,63,7,0.61,3.8,0.19,133,28,1901.73,1.452,49.97,950.27,11.6,220.67,13.87,263.71,0,0,11.97,227.62,3.64,69.24,8.33,158.38,0,0,686.56,36.1,38.06,723.84,0.2395,ALL PREY,2.6035,2.2729,ALL MONO,2.3203,0.6129,,,10,50,40,Silty Clay,
247954,Corn,,No-Till,,No Cover Crop,Low Crop Diversity,,,,-95.7554,39.5087,E3,E3_E ,Fall,11/27/2023,0,8,5.4,6.2,0.15,NONE,4.8,112,5.7,0.8,64.1,16.4,0.81,2093,362,15,22.3,38,1,47,14,0,20,8.88,127,10,12.7,,60,34,1.7,111.6,73,20.6,14.45,87.8,10,0,15.2,4.4,,16,4.5,11.5,71,561,169,84,7.3,0.61,6.8,0.12,122,23,1584.44,1.338,47.4,750.95,10.11,160.18,12.82,203.05,0,0,9.14,144.88,0.56,8.84,8.59,136.03,0,0,547.9,34.58,43.46,688.61,0.1929,ALL PREY,2.6983,2.2457,18.2327,ALL PRE 16:1,0.6438,,,10,46,44,Silty Clay,
247955,Corn,,No-Till,,No Cover Crop,Low Crop Diversity,,,,-95.7543,39.5087,E3,E3_F ,Fall,11/27/2023,0,8,5.4,6.2,0.1,NONE,4,73,6.2,1.15,56.9,12.6,0.68,1792,305,31,20.3,42,1,43,13,1,21,5.78,124,9.8,12.65,,48,SAND PRESENT,0.01,98.1,69,15.6,13.3,79.4,9.8,0,9.1,2.4,,15,4.8,10.2,67,517,158,80,6.8,0.81,5.8,0.12,109,37,1923.01,1.468,46.58,895.65,11.26,216.45,11.7,224.91,0,0,11.25,216.4,2.8,53.84,8.45,162.56,0.43,8.34,670.74,34.88,41.74,802.61,0.2416,0.0093,2.9822,2.3521,22.4321,1.804,0.6079,,,12,44,44,Silty Clay,
247956,Corn,,No-Till,,No Cover Crop,Low Crop Diversity,,,,-95.7566,39.5076,E3,E3_G ,Fall,11/27/2023,0,8,6,6.6,0.13,NONE,3.9,107,4.7,0.75,40.8,5.8,0.77,2518,374,17,20.1,20,1,63,16,0,13,4.95,148,12.8,11.56,,55,8,0.01,133.1,75,17.8,16.73,89.8,12.8,0,9.6,2.3,,14,3.8,10.2,90,688,147,62,7.7,0.65,2.9,0.1,131,25,1789.44,1.487,49.9,892.84,11.33,202.81,14.49,259.27,0,0,11.52,206.22,3.81,68.12,7.72,138.11,0.48,8.61,633.57,35.41,38.1,681.76,0.231,0.0096,2.4437,2.1408,21.9406,2.5021,0.7053,,,10,46,44,Silty Clay,
247957,Corn,,No-Till,,No Cover Crop,Low Crop Diversity,,,,-95.7554,39.5076,E3,E3_H ,Fall,11/27/2023,0,8,5.5,6.2,0.13,NONE,4.1,113,5.3,1.52,54.8,10.5,0.86,2498,413,16,24.2,33,1,52,14,0,17,5.34,149,12.5,11.92,,54,SAND PRESENT,0.01,118.5,83,17.8,15.65,79.6,12.5,0,11.1,2.3,,16,4.5,11.5,60,584,170,81,6.7,0.97,3.9,0.1,125,23,2303.44,1.426,47.35,1090.61,10.65,245.3,11.96,275.59,0,0,11.2,257.99,2.97,68.48,8.23,189.52,0,0,815.03,35.38,41.45,954.83,0.2366,ALL PREY,2.9574,2.4106,19.3474,2.1471,0.5327,,,6,48,46,Silty Clay,
247958,Corn,,No-Till,,No Cover Crop,Low Crop Diversity,,,,-95.7543,39.5076,E3,E3_I ,Fall,11/27/2023,0,8,5.5,6.4,0.1,NONE,3.4,72,6.1,2.66,68.7,15.4,0.94,1686,238,16,16.8,36,1,50,12,0,24,4.99,151,10.4,14.52,,51,9,0.8,107,69,16.1,14.61,70.9,10.4,0,8.3,2.8,,21,8.1,12.9,40,551,129,75,6.5,2.49,6.5,0.24,100,24,1921.03,1.46,43.92,843.77,10.06,193.29,11.48,220.44,0,0,9.06,174.07,2.63,50.43,6.44,123.63,0.57,11,623.33,32.45,46.44,892.2,0.2063,0.013,2.8276,2.6338,14.8806,1.8538,0.5667,,,12,52,36,Silty Clay Loam,
247970,Soybeans,,No-Till,,Cover Crop,Low Crop Diversity,,,,-95.6687,39.3895,S2,S2_A ,Fall,11/27/2023,0,8,6.1,6.6,0.15,NONE,4.8,84,5.3,1.03,71.9,6.8,0.59,1930,276,20,16.2,25,1,59,14,1,8,7.26,160,13,12.31,,46,2,0.2,271.1,66,20.5,24.69,170,13,0,9.8,2.7,,12,1.9,10.1,57,723,98,81,9.5,0.82,4.4,0.28,131,30,1763.33,1.446,51.92,915.58,14.48,255.24,13.84,244.09,0,0,10.46,184.43,3.42,60.31,7.04,124.12,0,0,671.48,38.08,37.62,663.32,0.2014,ALL PREY,2.7509,2.5338,25.1389,1.9816,0.5783,,,10,56,34,Silty Clay Loam,
247971,Soybeans,,No-Till,,Cover Crop,Low Crop Diversity,,,,-95.6677,39.3895,S2,S2_B ,Fall,11/27/2023,0,8,6.3,6.5,0.14,NONE,4,81,5.6,0.75,39.4,4.8,0.6,2195,372,28,19.6,27,1,55,16,1,7,6.14,172,12.3,13.98,,50,SAND PRESENT,0.7,228.4,74,19.2,22.85,132.8,12.3,0,8,3.8,,12,2,10,47,721,141,68,8.9,0.75,3.6,0.28,156,41,2097.31,1.561,45.87,962.07,11.12,233.2,13.71,287.54,0,0,10.66,223.48,3.35,70.29,7.3,153.19,1.96,41.18,674.53,32.16,41.51,870.59,0.2323,0.0428,2.3459,2.0185,16.5122,2.1725,0.7701,,,10,48,42,Silty Clay,
247973,Soybeans,,No-Till,,Cover Crop,Low Crop Diversity,,,,-95.6667,39.3895,S2,S2_C ,Fall,11/27/2023,0,8,5.9,6.3,0.13,NONE,4.2,86,4.8,0.39,49.7,7.6,0.81,2359,419,27,22.4,30,1,52,16,1,8,4.04,162,12.1,13.39,,57,17,0.01,144,74,16.2,17.68,89.1,12.1,0,5.8,2,,10,1.9,8.1,39,623,135,72,7.4,0.47,3.3,0.94,139,37,1436.84,1.403,51.12,734.55,13.7,196.81,11.98,172.17,0,0,8.95,128.6,3.19,45.87,5.76,82.73,0,0,562.39,39.14,39.93,573.68,0.1751,ALL PREY,3.2665,2.7191,16.7727,1.5484,0.5177,,,2,54,44,Silty Clay,
247974,Soybeans,,No-Till,,Cover Crop,Low Crop Diversity,,,,-95.6687,39.3885,S2,S2_D ,Fall,11/27/2023,0,8,5.9,6.6,0.14,NONE,4.3,79,6.7,0.8,78.6,7.8,0.68,1834,264,21,16.1,27,1,57,14,1,10,7.15,172,14.6,11.78,,39,SAND PRESENT,0.7,216.5,67,22.4,22.46,125.9,14.6,0,11.9,2.6,,12,1.9,10.1,49,695,110,89,8.9,0.77,5,0.5,130,29,2267.02,1.509,53.5,1212.88,13.74,311.42,14.91,338.07,0,0,12.15,275.48,3.55,80.58,8.6,194.89,0.93,21.11,874.81,38.59,33.42,757.56,0.2271,0.0174,2.5877,2.224,16.8952,2.273,0.6796,,,12,52,36,Silty Clay Loam,
247975,Soybeans,,No-Till,,Cover Crop,Low Crop Diversity,,,,-95.6677,39.3885,S2,S2_E ,Fall,11/27/2023,0,8,6,6.5,0.09,NONE,3.5,72,4.4,0.3,40.8,4.5,0.6,2051,326,31,18,26,1,57,15,1,8,4.15,152,11.8,12.88,,44,SAND PRESENT,0.01,155.1,70,15.9,18.19,101.8,11.8,0,6.1,2.6,,9,1.5,7.5,42,658,155,73,7.4,0.47,3,0.12,135,41,894.81,1.399,50.7,453.71,12.28,109.91,12.42,111.1,0,0,9.88,88.44,2.48,22.15,7.41,66.29,0,0,342.61,38.29,39.41,352.66,0.1949,ALL PREY,3.0838,2.5111,14.9335,1.5282,0.4984,,,8,52,40,Silty Clay,
247976,Soybeans,,No-Till,,Cover Crop,Low Crop Diversity,,,,-95.6667,39.3885,S2,S2_F ,Fall,11/27/2023,0,8,6,6.6,0.13,NONE,4.1,83,5.9,0.39,47.2,5.7,0.64,2238,402,36,18.9,21,1,59,18,1,7,4.35,184,13.7,13.43,,55,5,0.1,210.8,75,18.2,22.3,114.7,13.7,0,7.2,2.5,,11,1.9,9.1,44,647,144,74,7.8,0.48,3.3,0.15,148,49,1380.51,1.407,49.33,680.94,12.71,175.41,11.52,159.04,0,0,9.15,126.32,3.24,44.77,5.91,81.56,0,0,521.9,37.8,41.52,573.24,0.1855,ALL PREY,3.2814,2.5939,16.0597,1.9581,0.5393,,,6,50,44,Silty Clay,
247977,Soybeans,,No-Till,,Cover Crop,Low Crop Diversity,,,,-95.6684,39.3875,S2,S2_G ,Fall,11/27/2023,0,8,5.5,6.4,0.13,NONE,4.2,104,6.5,0.72,72.7,9.9,0.92,2190,335,17,20.4,31,1,54,14,0,14,6.16,162,13,12.46,,59,15,0.5,195,77,19.6,20.92,120.7,13,0,9.9,2.9,,13,2.5,10.5,66,666,146,95,8.4,0.65,4.9,0.74,135,28,2301.37,1.406,48.62,1118.92,11.4,262.35,10.39,239.22,0,0,8.58,197.37,2.97,68.46,5.6,128.91,0.5,11.52,879.71,38.23,42.3,973.54,0.1764,0.0103,3.6774,2.9086,14.3496,1.9327,0.4613,,,6,50,44,Silty Clay,
247978,Soybeans,,No-Till,,Cover Crop,Low Crop Diversity,,,,-95.6674,39.3875,S2,S2_H,Fall,11/27/2023,0,8,6.1,6.6,0.09,NONE,4.2,104,5.2,0.83,54.1,7.5,0.76,2557,413,31,20.7,20,1,61,17,1,10,3.78,175,13.2,13.26,,55,16,0.01,136.7,72,17.1,17.55,78.2,13.2,0,6.1,2.3,,9,1.7,7.3,45,648,136,68,6.9,0.43,3.2,0.1,135,37,2060.71,1.394,53.3,1098.46,12.99,267.6,11.33,233.41,0,0,8.66,178.45,2.87,59.21,5.79,119.25,0.52,10.76,865.04,41.98,37.51,773.03,0.1625,0.0098,3.706,2.8923,19.5629,2.0035,0.506,,,4,52,44,Silty Clay,
247979,Soybeans,,No-Till,,Cover Crop,Low Crop Diversity,,,,-95.6664,39.3875,S2,S2_I ,Fall,11/27/2023,0,8,5.9,6.5,0.11,NONE,3.7,80,6.2,0.35,47.6,6.6,0.69,2183,386,46,19.5,26,1,56,16,1,8,3.82,163,12.7,12.83,,43,SAND PRESENT,0.01,198.2,64,16.6,21.09,121.8,12.7,0,6.4,2.6,,8,1.8,6.2,36,574,128,64,7.6,0.49,3.4,0.39,127,49,1870.58,1.411,51.79,968.76,12.95,242.3,11.87,222.05,0,0,8.34,155.98,2.82,52.69,5.52,103.29,0.52,9.72,746.72,39.92,39.35,736.12,0.161,0.01,3.3629,2.7599,16.2199,2.1015,0.584,,,10,48,42,Silty Clay,
247980,Soybeans,,No-Till,,Cover Crop,Low Crop Diversity,,,,-95.6681,39.3865,S2,S2_J ,Fall,11/27/2023,0,8,5.6,6.3,0.11,NONE,5,112,5.7,0.74,79.8,11.2,0.98,2335,380,13,22.6,33,1,52,14,0,12,3.08,167,11.5,14.52,,65,50,0.1,176.2,74,14.7,19.77,105.6,11.5,0,6.2,2.6,,13,2,11,56,648,161,105,8,0.68,5,0.15,138,23,1974.06,1.395,44.72,882.8,10.72,211.72,10.15,200.4,0,0,8.73,172.37,2.73,53.83,6,118.54,0,0,682.4,34.57,46.55,918.9,0.1952,ALL PREY,3.4051,2.7084,17.7321,1.9076,0.5389,,,2,52,46,Silty Clay,
247981,Corn,,No-Till,,Cover Crop,High Crop Diversity,,,,-95.67,39.3865,S3,S3_A ,Fall,11/27/2023,0,8,6.2,6.5,0.13,NONE,4.8,106,5,2.08,48,7,0.65,2723,404,13,22,21,1,62,15,0,21,2.29,141,10.6,13.3,,59,34,0.1,205.8,71,13,20.87,145.6,10.6,0,3.5,2.1,,19,6.4,12.6,53,789,130,69,9,1.05,3.7,0.26,147,20,2565.9,1.482,51.33,1317.07,13.25,339.93,13.38,343.39,0,0,11.22,287.98,3.62,92.81,7.61,195.16,0.51,13.2,973.68,37.95,36.93,947.65,0.2187,0.01,2.8355,2.4364,61.7585,2.1281,0.667,,,2,54,44,Silty Clay,
247982,Corn,,No-Till,,Cover Crop,High Crop Diversity,,,,-95.67,39.3855,S3,S3_B ,Fall,11/27/2023,0,8,6.8,7.2,0.22,LOW,5.9,152,10.4,2.13,39.5,4.2,0.78,2900,467,19,18.9,0,2,77,21,0,36,2.16,215,16.8,12.8,,63,38,0.4,235.7,75,19.3,24.51,109.7,16.8,0,4.5,3.4,,43,19.1,23.9,85,1155,116,62,15.5,1.57,4.1,0.19,207,26,3159.65,1.518,51.25,1619.44,11.68,369.03,15.93,503.33,0.4,12.67,11.56,365.15,3.95,124.94,7.6,240.21,0.42,13.18,1116.1,35.32,36.77,1161.89,0.2255,0.0081,2.2174,2.0784,33.7146,2.229,0.8224,,,2,48,50,Silty Clay,
247983,Corn,,No-Till,,Cover Crop,High Crop Diversity,,,,-95.671,39.3845,S3,S3_C ,Fall,11/27/2023,0,8,6.8,7.2,0.19,NONE,5.6,94,7.6,1.13,32.4,3.6,0.68,2469,333,15,15.4,0,2,80,18,0,49,3.19,184,15.6,11.79,,56,46,0.01,173.2,65,18.9,20.36,94,15.6,0,5.8,2.7,,56,28.5,27.5,66,1252,120,64,14.4,1.01,3.8,0.17,204,28,3124.64,1.519,53.19,1661.95,13.58,424.47,17.09,534.16,0.42,13.2,11.08,346.3,3.9,121.97,7.18,224.33,0.35,10.78,1127.8,36.09,35.38,1105.6,0.2084,0.0065,2.1114,2.1055,38.8906,2.1673,0.8525,,,2,50,48,Silty Clay,
247984,Corn,,No-Till,,Cover Crop,High Crop Diversity,,,,-95.67,39.3845,S3,S3_D ,Fall,11/27/2023,0,8,7.1,7.2,0.2,LOW,6,164,9,3.37,30.6,5,0.85,3658,531,24,23.2,0,2,79,19,0,56,2.94,202,15.2,13.29,,72,66,0.01,251.7,83,18.1,24.86,124.9,15.2,0,0.2,0.4,,3,0.1,2.9,2,35,< 1,< 1,1,0.12,0.1,0.07,8,6,3075.24,1.523,55.22,1698,15.08,463.82,14.89,457.96,0.4,12.35,10.07,309.73,3.37,103.66,6.7,206.07,1.22,37.65,1240.04,40.32,33.49,1029.85,0.1824,0.0222,2.7077,2.5733,17.8317,1.9903,0.6531,,,4,48,48,Silty Clay,
247985,Corn,,No-Till,,Cover Crop,High Crop Diversity,,,,-95.6703,39.3838,S3,S3_E,Fall,11/27/2023,0,8,6.7,7.2,0.19,NONE,5.7,132,7.4,5.01,35,4.3,0.73,3092,467,24,19.8,0,2,77,20,1,31,3.04,201,14.5,13.86,,62,43,0.01,296.5,73,17.5,26.75,147.7,14.5,0,4.7,2.4,,29,13.4,15.6,63,918,109,53,12.3,1.76,3,0.18,172,30,4260.02,1.511,49.61,2113.24,11.72,499.07,14.17,603.55,0.32,13.79,13.51,575.6,3.26,138.73,10.26,436.87,0.3,12.71,1509.7,35.44,36.58,1558.46,0.2724,0.006,2.5014,2.1124,6.688,2.2104,0.7326,,,0,52,48,Silty Clay,
247986,Corn,,No-Till,,Cover Crop,High Crop Diversity,,,,-95.6703,39.3835,S3,S3_F,Fall,11/27/2023,0,8,7,7.2,0.17,LOW,5,219,7,1.45,37.1,4.6,0.7,2886,390,18,18.3,0,3,79,18,0,29,3,184,15.4,11.95,,56,34,0.01,277.4,68,18.4,25.69,150.9,15.4,0,4.7,2.5,,35,16.4,18.6,107,1015,109,59,11.7,0.88,3.6,0.14,172,26,3504.51,1.498,50.04,1753.79,13.07,457.93,13.92,487.87,0.36,12.66,9.83,344.58,3.41,119.51,6.42,225.07,0.37,13.02,1265.93,36.12,39.75,1393.13,0.1965,0.0074,2.5948,2.4063,31.9492,2.1616,0.818,,,8,50,42,Silty Clay,
247988,Corn,,No-Till,,Cover Crop,High Crop Diversity,,,,-95.6654,39.3865,S4,S4_A ,Fall,11/27/2023,0,8,5.9,6.5,0.14,NONE,4.6,80,7.8,0.91,83.8,7.4,0.47,1803,275,26,16.6,30,1,54,14,1,12,3.79,199,14.6,13.63,,28,SAND PRESENT,0.6,264.1,57,19,25.31,133,14.6,0,6,2.7,,11,2.2,8.8,46,657,111,85,9.5,0.69,4.2,0.11,129,33,3451.57,1.422,52.48,1811.28,11.6,400.5,12.27,423.37,0.33,11.36,11.39,393.17,3.1,107.01,8.29,286.16,0,0,1387.91,40.21,36.13,1247.14,0.2171,ALL PREY,3.2782,2.5742,33.549,2.1613,0.3678,,,20,44,36,Silty Clay Loam,
247989,Corn,,No-Till,,Cover Crop,High Crop Diversity,,,,-95.6643,39.3865,S4,S4_B ,Fall,11/27/2023,0,8,6.7,7.2,0.17,NONE,4.4,64,6.3,0.89,38.1,3.8,0.4,2320,322,46,14.7,0,1,79,18,1,10,4.6,171,15.3,11.18,,23,SAND PRESENT,0.1,225.2,52,20,22.96,131.6,15.3,0,7.3,3,,13,2.7,10.3,37,920,113,70,11.7,0.66,3.8,0.43,159,58,2808.73,1.475,54.55,1532.15,12.88,361.73,16.01,449.54,0.41,11.56,11.59,325.43,3.84,107.95,7.74,217.48,0,0,1082.6,38.54,33.86,951.16,0.2124,ALL PREY,2.4082,2.2067,63.4919,1.8515,0.6371,,,24,42,34,Clay Loam,
247990,Corn,,No-Till,,Cover Crop,High Crop Diversity,,,,-95.6666,39.3855,S4,S4_C ,Fall,11/27/2023,0,8,6.2,6.9,0.13,NONE,4.8,101,8.1,1.2,85.8,5.6,0.61,2614,408,18,17.7,5,1,74,19,0,15,5.77,142,5.3,26.79,,60,50,1.4,320.3,69,12.5,25.59,226.4,5.3,0,3.9,4.3,,13,3,10,48,704,133,83,10,1.32,4.1,0.15,141,25,2752.34,1.433,49.84,1371.67,12.08,332.46,11.71,322.32,0,0,9.32,256.65,3.2,88.06,6.13,168.58,0.45,12.37,1049.36,38.13,40.39,1111.65,0.1871,0.009,3.2557,2.6395,23.8368,2.1632,0.5777,,,4,50,46,Silty Clay,
247991,Corn,,No-Till,,Cover Crop,High Crop Diversity,,,,-95.6656,39.3855,S4,S4_D ,Fall,11/27/2023,0,8,6,6.3,0.09,NONE,5.1,65,5.6,0.7,77.3,7.6,0.65,1895,321,34,19.5,36,1,48,14,1,10,2.84,153,11.2,13.66,,47,3,0.01,147.1,67,14,17.62,96,11.2,0,3.6,3.4,,9,1.4,7.6,37,592,124,86,7.7,0.53,3.5,0.12,130,42,2923.21,1.449,50.51,1476.45,11.76,343.69,12.54,366.51,0,0,10.49,306.73,3.42,99.99,7.07,206.73,0.44,12.78,1109.94,37.97,38.56,1127.25,0.2077,0.0087,3.0284,2.5137,26.1446,2.0891,0.514,,,16,46,38,Silty Clay Loam,
247992,Corn,,No-Till,,Cover Crop,High Crop Diversity,,,,-95.6645,39.3853,S4,S4_E ,Fall,11/27/2023,0,8,5.9,6.5,0.11,NONE,5.1,87,7.2,0.91,82.9,5.9,0.52,2200,309,35,18.7,25,1,59,14,1,11,4.11,182,14.6,12.47,,45,SAND PRESENT,0.8,237.7,68,19.6,23.73,130.9,14.6,0,7.1,2.6,,12,2.1,9.9,51,709,106,86,10,0.67,3.5,0.11,131,39,3720.04,1.506,51.4,1911.95,11.67,434.18,13.37,497.44,0.26,9.81,18.03,670.85,3.53,131.29,14.5,539.56,0.35,13,1414.5,38.02,30.22,1124.25,0.3509,0.0068,2.8436,1.9073,5.768,2.1929,0.579,,,24,40,36,Clay Loam,
247993,Corn,,No-Till,,Cover Crop,High Crop Diversity,,,,-95.6666,39.3845,S4,S4_F ,Fall,11/27/2023,0,8,6.5,6.7,0.17,NONE,6.6,287,10.2,3.08,88.4,5.4,0.68,2255,334,12,17.7,16,4,64,16,0,44,5.14,188,16.4,11.46,,38,SAND PRESENT,0.6,363.8,61,22.1,29.22,193.2,16.4,0,6.9,2,,46,20.4,25.6,163,979,72,90,14.6,1.49,3.7,0.2,187,20,5393.19,1.508,53.82,2902.71,13.45,725.46,16.63,896.69,0.23,12.27,15.51,836.6,4.02,216.81,11.49,619.79,0,0,2006.01,37.2,30.67,1653.86,0.2882,ALL PREY,2.2371,1.9431,ALL MONO,2.4835,0.6548,,,10,52,38,Silty Clay Loam,
247995,Corn,,No-Till,,Cover Crop,High Crop Diversity,,,,-95.6656,39.3846,S4,S4_G ,Fall,11/27/2023,0,8,6.3,6.6,0.16,NONE,5.9,195,10.4,1.72,82.2,6,0.66,2099,307,13,17.7,23,3,59,14,0,17,8.46,219,16.7,13.11,,33,SAND PRESENT,1,323.7,58,26.2,28.41,148,16.7,0,8.6,2.4,,17,4.9,12.1,114,912,90,92,12.8,1.36,4.7,0.14,174,24,4959.51,1.499,53.71,2664,12.1,600.13,16,793.43,0.22,11.02,13.47,667.8,4.08,202.33,9.39,465.47,0.24,11.78,1870.57,37.72,32.58,1615.93,0.2507,0.0044,2.3576,1.9493,56.7566,1.8241,0.6537,,,4,56,40,Silty Clay,
247996,Corn,,No-Till,,Cover Crop,High Crop Diversity,,,,-95.6647,39.3845,S4,S4_H ,Fall,11/27/2023,0,8,6.2,6.6,0.14,NONE,5.9,137,9.5,1.43,87.7,5.3,0.49,2067,320,20,17,21,2,60,16,1,15,7.8,161,15.5,10.39,,26,SAND PRESENT,2.1,311.7,62,25.4,26.66,194.2,15.5,0,11.2,3.7,,11,3,8,76,757,97,92,11.1,0.83,3.6,0.12,149,32,3967.61,1.473,50.88,2018.6,11.62,461.06,13.75,545.72,0,0,12.31,488.43,3.73,148.05,8.58,340.37,0.33,13.04,1472.88,37.12,36.48,1447.55,0.242,0.0065,2.699,2.2896,30.2572,2.3576,0.427,,,16,46,38,Silty Clay Loam,
247997,Corn,,No-Till,,Cover Crop,High Crop Diversity,,,,-95.6656,39.3838,S4,S4_I,Fall,11/27/2023,0,8,6.1,6.6,0.26,NONE,5.3,170,8,1.35,73.9,7.2,0.59,2087,314,20,17.4,22,3,60,15,0,17,7.64,135,12.6,10.71,,38,SAND PRESENT,1.4,323.6,61,21.7,26.33,239.3,12.6,0,11,3,,16,4.7,11.3,102,828,93,90,12.6,1.12,5,0.12,162,32,4716.9,1.487,43.94,2072.83,9.96,470.02,12.96,611.53,0,0,18.86,889.48,3.38,159.47,15.48,730,0,0,1461.29,30.98,37.2,1754.59,0.4291,ALL PREY,2.3895,1.7001,3.4586,2.2757,0.5696,,,8,54,38,Silty Clay Loam,
247998,Corn,,No-Till,,Cover Crop,High Crop Diversity,,,,-95.6656,39.3838,S4,S4_J,Fall,11/27/2023,0,8,6.1,6.7,0.32,NONE,4.8,76,9.5,1.18,71.5,6,0.54,2119,313,22,17,21,1,62,15,1,12,6.62,133,11.6,11.47,,52,SAND PRESENT,1.9,287,75,20,24.7,215.8,11.6,0,10.6,2.6,,10,1.9,8.1,48,793,93,79,14.7,0.82,4.1,0.11,151,34,3484.78,1.515,52.4,1825.91,12.26,427.29,14.63,509.81,0.7,24.28,11.04,384.72,2.93,101.95,8.11,282.77,0.7,24.28,1316.1,37.77,35.87,1249.86,0.2107,0.0133,2.5815,2.2876,25.668,1.8456,0.5123,,,14,50,36,Silty Clay Loam,
247959,Corn,,Conventional Till,,No Cover Crop,Low Crop Diversity,,,,-95.6677,39.3826,SS1,SS1_A ,Fall,11/27/2023,0,8,5.1,6.3,0.3,NONE,3,61,5.1,0.41,44.5,14.1,0.58,1676,272,33,18,39,1,46,13,1,8,16.5,105,17.5,6,,49,SAND PRESENT,0.6,48.1,71,34.6,9.21,45.9,17.5,0,33.6,3.1,,9,1.6,7.4,55,539,135,67,6.5,0.56,7.6,0.24,109,37,1446.54,1.422,45.32,655.51,11.7,169.21,10.16,146.93,0,0,11.39,164.81,2.27,32.84,9.12,131.97,0,0,508.58,35.16,43.29,626.22,0.2514,ALL PREY,3.4613,2.7585,ALL MONO,1.4777,0.5488,,,12,50,38,Silty Clay Loam,
247960,Corn,,Conventional Till,,No Cover Crop,Low Crop Diversity,,,,-95.6666,39.3826,SS1,SS1_B ,Fall,11/27/2023,0,8,5.5,6.4,0.32,NONE,4.2,88,6.1,0.81,46.9,11.6,0.69,2299,385,12,21.1,29,1,55,15,0,15,19,107,9.8,10.92,,60,21,1.5,110.9,76,30.4,13.98,103.7,9.8,0,25.2,3,,14,3.8,10.2,51,639,136,66,7.7,0.83,5.7,0.13,132,20,1581.69,1.438,47,743.33,11.46,181.21,11.79,186.53,0,0,13.12,207.52,2.38,37.65,10.74,169.88,0,0,556.8,35.2,39.88,630.84,0.2792,ALL PREY,2.9851,2.2426,5.5792,1.5158,0.6159,,,8,48,44,Silty Clay,
247961,Corn,,Conventional Till,,No Cover Crop,Low Crop Diversity,,,,-95.6656,39.3826,SS1,SS1_C ,Fall,11/27/2023,0,8,6.1,6.6,0.26,NONE,3.5,82,4.7,0.41,25.3,5.2,0.59,2500,352,35,19.7,20,1,63,15,1,8,11.8,124,12.6,9.84,,51,SAND PRESENT,0.01,104.5,75,24.4,14.1,84.2,12.6,0,19.9,2.2,,11,2.8,8.2,40,706,156,56,7.8,0.52,3.6,0.14,126,42,1948.44,1.45,47.68,928.98,12.24,238.42,10.5,204.53,0,0,10.28,200.34,2.7,52.66,7.58,147.68,0.55,10.71,724.45,37.18,41.49,808.41,0.2157,0.0115,3.5421,2.4152,16.5416,1.9298,0.5597,,,16,40,44,Clay,
247962,Corn,,Conventional Till,,No Cover Crop,Low Crop Diversity,,,,-95.6676,39.3815,SS1,SS1_D ,Fall,11/27/2023,0,8,6,6.8,0.34,NONE,2.9,68,3.5,0.24,25.1,6.8,0.53,1995,313,49,15.2,15,1,66,17,1,3,25.2,107,14.7,7.28,,39,SAND PRESENT,2.1,78.3,74,42,11.8,73.1,14.7,0,43.7,4.1,,7,1.3,5.7,43,590,133,51,6.6,0.42,4,0.13,117,57,1869.61,1.492,47.85,894.52,13.07,244.41,11.77,220.05,0,0,10.33,193.17,3.26,60.94,7.07,132.24,0.72,13.55,674.47,36.08,41.1,768.36,0.216,0.0151,3.0651,2.3224,16.4026,1.9643,0.6579,,,22,38,40,Clay,
247963,Corn,,Conventional Till,,No Cover Crop,Low Crop Diversity,,,,-95.6659,39.3815,SS1,SS1_E ,Fall,11/27/2023,0,8,5.7,6.6,0.24,NONE,3.2,108,4.9,0.62,31.6,5.8,0.61,2681,423,23,21.8,21,1,61,16,0,12,13.1,107,7.7,13.9,,52,10,0.5,91.3,71,21.3,12.19,85.7,7.7,0,14.7,2.5,,12,2.8,9.2,50,640,142,60,7.8,0.62,3.7,0.14,127,28,1859.08,1.375,50.07,930.81,12.21,227.08,10.35,192.5,0,0,9.61,178.66,2.67,49.72,6.94,128.95,0,0,738.31,39.71,40.32,749.62,0.1919,ALL PREY,3.8354,2.5709,23.2336,2.1926,0.4599,,,16,42,42,Silty Clay,
247964,Corn,,Conventional Till,,No Cover Crop,Low Crop Diversity,,,,-95.6646,39.382,SS1,SS1_F ,Fall,11/27/2023,0,8,6.2,6.8,0.25,NONE,3.5,74,4.1,0.41,36.2,5.5,0.61,2255,328,17,16.4,13,1,69,17,0,9,14,113,12.6,8.97,,49,8,0.01,104.6,68,26.6,13.88,92.8,12.6,0,22.4,2.3,,12,3.7,8.3,40,690,113,54,8.3,0.44,3.7,0.29,126,21,1686.97,1.427,48.49,817.95,12.02,202.83,12.8,216.01,0,0,9.65,162.78,3.04,51.33,6.61,111.45,0,0,601.94,35.68,41.86,706.24,0.199,ALL PREY,2.7867,2.5378,22.7805,1.8643,0.6557,,,14,46,40,Silty Clay,
247965,Corn,,Conventional Till,,No Cover Crop,Low Crop Diversity,,,,-95.6673,39.3805,SS1,SS1_G ,Fall,11/27/2023,0,8,5.5,6.6,0.22,NONE,2.8,56,5.7,0.33,48.5,9.7,0.52,1716,252,55,15.6,29,1,55,13,2,7,18.3,117,10.7,10.93,,35,SAND PRESENT,0.6,91.4,70,29.6,12.7,78.4,10.7,0,23.2,2.6,,9,1.5,7.5,35,557,137,82,7.4,0.59,6.9,0.19,107,61,1675.96,1.458,47.52,796.5,11.83,198.33,12.88,215.9,0,0,11.62,194.69,3.26,54.68,8.35,140.01,0,0,580.6,34.64,40.86,684.78,0.2444,ALL PREY,2.6893,2.4662,ALL MONO,1.735,0.6363,,,24,42,34,Clay Loam,
247966,Corn,,Conventional Till,,No Cover Crop,Low Crop Diversity,,,,-95.6659,39.3805,SS1,SS1_H ,Fall,11/27/2023,0,8,5.8,6.7,0.17,NONE,2.7,64,5.7,0.46,35.5,7.4,0.52,1778,268,24,14.7,22,1,61,15,1,8,9.12,108,7.7,14.03,,27,SAND PRESENT,0.4,118.5,70,17.2,14.35,110,7.7,0,10.9,2.3,,10,2.4,7.6,37,590,133,63,6.9,0.59,5.2,0.1,114,27,1692.12,1.475,44.44,752,9.86,166.81,16.72,282.94,0,0,13.05,220.75,2.6,43.93,10.45,176.82,0,0,469.06,27.72,42.51,719.37,0.2935,ALL PREY,1.6578,1.8837,5.9692,2.3733,1.3225,,,24,42,34,Clay Loam,
247967,Corn,,Conventional Till,,No Cover Crop,Low Crop Diversity,,,,-95.6642,39.3805,SS1,SS1_I ,Fall,11/27/2023,0,8,7.1,7.2,0.36,LOW,3.1,79,6.7,0.45,14.8,2.3,0.36,3058,283,29,18,0,1,85,13,1,13,12.3,130,16.5,7.88,,35,SAND PRESENT,0.01,177.9,70,28.9,19.64,137.4,16.5,0,24.7,2.9,,23,10.2,12.8,41,1564,102,43,15.5,0.65,5.3,0.18,163,33,1610.26,1.444,50.46,812.57,13.9,223.89,15.95,256.8,0,0,9.39,151.21,2.76,44.44,6.63,106.77,0,0,555.77,34.51,40.15,646.48,0.1861,ALL PREY,2.1642,2.1539,23.9143,2.3756,0.972,,,20,44,36,Silty Clay Loam,
247968,Corn,,Conventional Till,,No Cover Crop,Low Crop Diversity,,,,-95.6659,39.3795,SS1,SS1_J ,Fall,11/27/2023,0,8,6,6.7,0.21,NONE,3.2,63,5,0.33,39.5,6.3,0.66,2123,311,22,16.3,17,1,65,16,1,9,11.8,121,14,8.64,,42,1,0.01,55.1,61,25.8,9.88,45.4,14,0,21.9,2.4,,13,2.9,10.1,38,760,137,73,8.8,0.55,5,0.17,138,27,1211.48,1.35,40.59,491.77,9.94,120.46,8.73,105.8,0,0,6.47,78.36,1.76,21.27,4.71,57.09,0,0,385.98,31.86,52.94,641.34,0.1594,ALL PREY,3.6482,3.1883,13.1043,1.5619,0.4877,,,14,48,38,Silty Clay Loam,
247969,Corn,,Conventional Till,,No Cover Crop,Low Crop Diversity,,,,-95.6642,39.3794,SS1,SS1_K,Fall,11/27/2023,0,8,7.1,7.2,0.21,LOW,3.6,85,6.6,0.51,17.5,2.7,0.44,3132,337,25,18.8,0,1,83,15,1,7,10.7,151,16,9.44,,SAND PRESENT,SAND PRESENT,0.01,158.8,70,26.7,18.83,105.2,16,0,19.3,2.2,,15,3.9,11.1,46,1150,135,57,12.8,0.6,4.4,0.22,159,34,1995.29,1.459,51.77,1032.92,13.28,265.03,13.68,273,0,0,8.88,177.19,3.13,62.4,5.75,114.79,0.75,15.01,759.93,38.09,38.6,770.17,0.1715,0.0145,2.7836,2.3639,16.5683,2.4917,0.6198,,,22,40,38,Clay Loam,
247999,"Warm season: Millet Pearl, Buckwheat sunflower, Egyptian wheat, Sorghum Sudan (3 varieties); Cold Season: Season Cereal Rye, Hairy Vetch, Winter Peas, Wheat and Barley",Drilled,No-Till,Pawnee Clay Loam (7501),Cover Crop,High Crop Diversity,Grazing,No Fertilization,,-95.7582,39.5109,W1,W1_A ,Fall,11/27/2023,0,8,6.8,7.2,0.29,NONE,5.3,97,11.7,3.51,28.7,3.9,0.83,3150,330,19,18.8,0,1,84,15,0,30,3.63,139,11.2,12.41,,65,47,0.3,172.1,75,15.1,18.93,124,11.2,0,4.9,1.9,,32,15,17,51,1234,108,63,22.4,1.71,3.8,0.15,161,29,2461.75,1.518,51.93,1278.36,13.68,336.89,14,344.61,0.46,11.29,10.39,255.85,3.6,88.55,6.8,167.3,0.67,16.52,933.76,37.93,37.01,911.01,0.2001,0.0129,2.7096,2.658,43.6681,2.3487,0.628,,,12,46,42,Silty Clay,
248000,"Warm season: Millet Pearl, Buckwheat sunflower, Egyptian wheat, Sorghum Sudan (3 varieties); Cold Season: Season Cereal Rye, Hairy Vetch, Winter Peas, Wheat and Barley",Drilled,No-Till,Pawnee Clay Loam (7501),Cover Crop,High Crop Diversity,Grazing,No Fertilization,,-95.7588,39.5099,W1,W1_B ,Fall,11/27/2023,0,8,6.6,7.2,0.43,NONE,5.2,118,8.4,1.65,34.2,5.6,0.83,2864,391,18,18,0,2,80,18,0,14,2.74,185,16.4,11.28,,74,40,0.5,339.3,88,19.6,28.29,183.3,16.4,0,5.2,1.8,,17,5.9,11.1,57,978,130,66,20.4,1.13,3.7,0.12,163,32,2355.56,1.539,49.78,1172.64,12.8,301.42,12.55,295.64,0.49,11.45,10.3,242.59,3.2,75.31,7.1,167.29,1.35,31.8,877,37.23,38.57,908.54,0.2069,0.0271,2.9665,2.5717,12.638,1.6982,0.5862,,,6,56,38,Silty Clay Loam,
248001,"Warm season: Millet Pearl, Buckwheat sunflower, Egyptian wheat, Sorghum Sudan (3 varieties); Cold Season: Season Cereal Rye, Hairy Vetch, Winter Peas, Wheat and Barley",Drilled,No-Till,Pawnee Clay Loam (7501),Cover Crop,High Crop Diversity,Grazing,No Fertilization,,-95.7578,39.5099,W1,W1_C ,Fall,11/27/2023,0,8,6.9,7.2,0.21,LOW,5.5,102,5.8,2.14,30.4,4.3,0.63,2906,316,13,17.5,0,2,83,15,0,24,3.05,162,16.5,9.82,,41,21,0.3,247.3,54,19.8,23.98,153.1,16.5,0,5,1.9,,23,9.2,13.8,50,1065,100,53,12.3,1.5,3.9,0.11,145,24,3069.02,1.541,52.73,1618.36,14.7,451.28,13.89,426.19,0.39,11.91,10.68,327.85,3.35,102.78,7.33,225.07,1.32,40.39,1192.16,38.85,35.27,1082.43,0.2026,0.025,2.7973,2.4008,15.3981,2.3144,0.6926,,,4,50,46,Silty Clay,
248002,"Warm season: Millet Pearl, Buckwheat sunflower, Egyptian wheat, Sorghum Sudan (3 varieties); Cold Season: Season Cereal Rye, Hairy Vetch, Winter Peas, Wheat and Barley",Drilled,No-Till,Pawnee Clay Loam (7501),Cover Crop,High Crop Diversity,Grazing,No Fertilization,,-95.7591,39.5089,W1,W1_D ,Fall,11/27/2023,0,8,7,7.2,0.21,LOW,5.3,116,7.2,2.23,31.1,4.4,0.83,3151,323,13,18.8,0,2,84,14,0,15,2.43,185,17.1,10.82,,66,39,0.4,237.4,79,19.9,24.02,128.6,17.1,0,3.6,1.7,,14,6.3,7.7,47,966,101,44,10,0.96,2.8,0.09,130,20,3229.59,1.55,50.53,1631.96,13.36,431.6,15.22,491.64,0.35,11.33,12.02,388.36,3.83,123.7,8.19,264.65,0.72,23.36,1140.33,35.31,36.72,1185.91,0.238,0.0143,2.3195,2.0605,15.993,2.9647,0.8426,,,2,52,46,Silty Clay,
248003,"Warm season: Millet Pearl, Buckwheat sunflower, Egyptian wheat, Sorghum Sudan (3 varieties); Cold Season: Season Cereal Rye, Hairy Vetch, Winter Peas, Wheat and Barley",Drilled,No-Till,Pawnee Clay Loam (7501),Cover Crop,High Crop Diversity,Grazing,No Fertilization,,-95.7581,39.5089,W1,W1_E ,Fall,11/27/2023,0,8,7.1,7.2,0.22,LOW,4.8,138,8.6,1.53,27.8,5,0.71,2925,338,12,17.8,0,2,82,16,0,17,1.81,187,15.7,11.91,,75,37,0.8,306.8,90,18.3,27.01,164.2,15.7,0,3.3,2.5,,18,6.6,11.4,61,1207,131,63,15,1.15,5.1,0.16,171,22,2253.58,1.5,42.51,958.09,10.99,247.73,14.03,316.17,0,0,10.98,247.38,3.92,88.28,7.06,159.1,0,0,641.91,28.48,46.51,1048.12,0.2582,ALL PREY,2.0303,1.9655,33.7371,2.1469,1.0365,,,4,52,44,Silty Clay,
248004,"Warm season: Millet Pearl, Buckwheat sunflower, Egyptian wheat, Sorghum Sudan (3 varieties); Cold Season: Season Cereal Rye, Hairy Vetch, Winter Peas, Wheat and Barley",Drilled,No-Till,Pawnee Clay Loam (7501),Cover Crop,High Crop Diversity,Grazing,No Fertilization,,-95.7591,39.5079,W1,W1_F ,Fall,11/27/2023,0,8,6.9,7.2,0.24,NONE,5.3,120,10.4,5.5,63.2,7.1,0.94,2274,314,26,14.4,0,2,79,18,1,41,2.5,177,17.4,10.17,,72,43,0.5,274.9,85,20.4,25.64,155.4,17.4,0,5.5,2.3,,39,21.9,17.1,72,1002,100,93,15.3,2.54,4.9,0.14,172,40,3614,1.555,49.96,1805.72,13.59,491.31,14.15,511.24,0.45,16.44,10.04,362.96,3.44,124.14,6.61,238.82,1.26,45.4,1294.48,35.82,38.74,1399.91,0.201,0.0251,2.532,2.2012,13.5344,2.5983,0.7715,,,8,48,44,Silty Clay,
248005,"Warm season: Millet Pearl, Buckwheat sunflower, Egyptian wheat, Sorghum Sudan (3 varieties); Cold Season: Season Cereal Rye, Hairy Vetch, Winter Peas, Wheat and Barley",Drilled,No-Till,Pawnee Clay Loam (7501),Cover Crop,High Crop Diversity,Grazing,No Fertilization,,-95.7591,39.5072,W1,W1_G ,Fall,11/27/2023,0,8,7.3,7.2,0.24,LOW,6,262,8.5,5.73,36.2,2.6,0.86,3351,331,11,20.2,0,3,83,14,0,87,2.04,195,18.4,10.6,,58,43,0.01,294.5,67,20.4,26.95,150.7,18.4,0,3.5,1.7,,73,43.5,29.5,115,1507,105,74,21.5,3.12,4,0.21,169,19,1556.1,1.501,51.28,797.89,13.78,214.47,17.06,265.4,0,0,12.82,199.47,4.76,74.09,8.06,125.38,0,0,532.5,34.22,35.91,558.74,0.25,ALL PREY,2.0064,1.8641,ALL MONO,3.1035,1.1133,,,6,52,42,Silty Clay,
248006,"Warm season: Millet Pearl, Buckwheat sunflower, Egyptian wheat, Sorghum Sudan (3 varieties); Cold Season: Season Cereal Rye, Hairy Vetch, Winter Peas, Wheat and Barley",Drilled,No-Till,Pawnee Clay Loam (7501),Cover Crop,High Crop Diversity,Grazing,No Fertilization,,-95.7581,39.5079,W1,W1_H ,Fall,11/27/2023,0,8,7,7.2,0.24,LOW,5.6,130,11.2,2.23,31.9,3.9,0.73,3191,440,36,20.1,0,2,79,18,1,19,2.93,182,17.4,10.46,,62,41,0.01,290.6,73,20.3,26.42,159.3,17.4,0,5.8,4.4,,23,11.2,11.8,62,985,113,59,14,2.16,3.4,0.14,169,51,2930.49,1.526,51.71,1515.32,13.03,381.94,14.73,431.73,0.4,11.83,11.83,346.75,3.57,104.69,8.26,242.06,0.59,17.28,1083.59,36.98,35.87,1051.14,0.2288,0.0114,2.5099,2.1232,26.8937,2.4183,0.7026,,,2,54,44,Silty Clay,
54177,Corn,,No-Till,,No Cover Crop,Low Crop Diversity,,,,-95.7566,39.5132,E1,E1_A ,Spring,4/12/2024,0,8,5.8,6.6,0.06,NONE,2.9,76,10.7,0.47,38,10,0.58,1647,257,8,14.6,27,1,56,15,0,11,1.53,133,8.3,16.02,,11,38,0.1,112,73,10,14.44,84,8.3,0,1.9,2.7,,8,1.1,6.9,41,504,166,60,6.3,0.55,4.5,0.13,99,17,3293.298436,1.720071361,38.42,1265.445263,7.63,251.1955538,23.1,760.8892336,0,0,9.24,304.349231,2.12,69.85911852,7.12,234.4901124,0.98,32.31226574,504.5560295,15.32,43.73,1439.996123,0.240507622,0.025534305,0.66311364,2.007931128,6.210166178,2.464968153,0.748648338,1.89,1.2,26,36,38,Clay Loam,3.61
54178,Corn,,No-Till,,No Cover Crop,Low Crop Diversity,,,,-95.7554,39.5132,E1,E1_B ,Spring,4/12/2024,0,8,5.4,6,0.06,NONE,4,92,7.2,0.35,58.1,13.2,0.8,1833,336,15,22.2,45,1,41,13,0,16,2.07,127,9.3,13.66,,45,51,0.3,111,66,11.6,14.34,87.1,9.3,0,3.1,3.2,,9,1.7,7.3,55,466,192,98,5.8,0.48,5.3,0.09,110,24,3654.051402,1.759576638,39.99,1461.142121,8.25,301.3249095,22.74,830.8900202,0,0,9.06,331.0740355,2.19,80.04661719,6.87,251.0274183,1.48,54.13114151,630.2521008,17.25,41.22,1506.379194,0.226585786,0.037047143,0.758526502,2.116642874,5.015026834,2.049500832,0.549029844,2.97,1.83,8,48,44,Silty Clay,4.38
54179,Corn,,No-Till,,No Cover Crop,Low Crop Diversity,,,,-95.7543,39.5132,E1,E1_C ,Spring,4/12/2024,0,8,5.3,6.2,0.09,NONE,3.9,94,6.9,1.45,80.6,16.1,0.84,2009,326,13,21.1,38,1,48,13,0,19,1.47,132,8.6,15.35,,38,45,0.2,91,61,10.3,12.77,68.8,8.6,0,2.6,3,,11,2.9,8.1,47,479,170,105,5.3,0.68,5.1,0.1,96,19,3065.261834,1.801383154,42.99,1317.686219,9.51,291.555276,24.67,756.1985637,0,0,9.63,295.1721969,2.13,65.28804319,7.5,229.8841537,1.14,34.91114955,561.4876553,18.32,36.73,1125.936992,0.224007956,0.026494281,0.742513517,2.345429127,15.53467337,2.222042794,0.508459626,1.82,1.8,8,52,40,Silty Clay,4.2
54180,Corn,,No-Till,,No Cover Crop,Low Crop Diversity,,,,-95.7566,39.5121,E1,E1_D ,Spring,4/12/2024,0,8,5.6,6.3,0.08,NONE,3.2,115,8.1,1.27,76.7,14,1.07,2232,389,14,22,33,1,51,15,0,18,1.76,192,12.6,15.24,,33,41,0.7,77,57,15.1,13.18,40,12.6,0,2.4,3.2,,13,3.7,9.3,50,515,174,109,6.3,0.63,4.3,0.11,113,21,6392.285342,1.875136202,25.92,1656.991224,5.42,346.1812144,15.59,996.3531784,0,0,33.61,2148.155835,1.37,87.61266603,32.23,2060.543169,0.68,43.55431689,660.6380455,10.33,34.38,2197.402751,1.296419561,0.026285183,0.663056093,0.981904284,0.397894302,2.461115475,0.730321379,2.46,2.53,16,44,40,Silty Clay,3.7
54181,Corn,,No-Till,,No Cover Crop,Low Crop Diversity,,,,-95.7553,39.5121,E1,E1_E ,Spring,4/12/2024,0,8,5.3,6.2,0.1,NONE,3.5,129,8.5,2.4,61.6,15.1,0.96,2152,377,21,22.3,36,1,48,14,0,22,3.01,177,10.5,16.86,,36,45,1.2,105,64,14.7,14.99,59.2,10.5,0,4,3.2,,12,5,7,55,473,206,95,6.1,0.87,4.9,0.1,107,24,4251.688495,1.724038936,41.37,1758.76549,8.92,379.3093322,23.8,1011.951606,0,0,8,340.0775239,1.94,82.69219475,6.05,257.3853292,1.03,43.81276796,746.8138838,17.57,40.68,1729.723381,0.193361495,0.024911091,0.737993674,2.277539415,10.91800303,2.323037791,0.507189542,4.1,3.67,12,44,44,Silty Clay,3.65
54182,Corn,,No-Till,,No Cover Crop,Low Crop Diversity,,,,-95.7543,39.5121,E1,E1_F ,Spring,4/12/2024,0,8,5.3,5.8,0.1,NONE,3.9,164,8.3,2.3,76.5,20.5,1.11,2169,379,13,26.2,45,2,41,12,0,17,2.03,187,12.3,15.2,,52,55,0.3,105,68,14.6,15.36,56.2,12.3,0,2.7,3.3,,11,1.7,9.3,64,460,213,112,5.5,0.8,5.8,0.17,106,18,4537.706862,1.786237355,43.61,1979.057733,8.89,403.5631502,26.48,1201.741146,0,0,9.55,433.3459113,2.12,96.14036979,7.43,337.2055415,1.11,50.42854833,777.3165867,17.13,36.83,1671.31152,0.218965776,0.02548109,0.646825308,2.114350918,10.9670812,2.341801386,0.484024307,3.22,2.48,2,54,44,Silty Clay,4.79
54183,Corn,,No-Till,,No Cover Crop,Low Crop Diversity,,,,-95.7566,39.511,E1,E1_G ,Spring,4/12/2024,0,8,5.7,6.4,0.1,NONE,3.2,144,7.7,1.72,85.1,13.7,1.31,2468,438,31,22.1,25,2,55,17,1,26,2.14,231,15.4,15,,44,47,1,89,58,18.5,15.26,38.6,15.4,0,2.3,3,,14,6.6,7.4,50,522,163,91,5.5,0.71,2.8,0.09,115,34,3526.1379,1.726627171,37.82,1333.644499,8.57,302.1953261,21.19,747.0546578,0,0,9.02,318.1291444,1.95,68.8855984,7.07,249.243546,0.97,34.15309341,586.589841,16.64,43.62,1538.015837,0.238541189,0.025608844,0.785203378,2.23943662,4.253646389,2.310810811,0.568259386,2.73,3.59,6,52,42,Silty Clay,3.69
54184,Corn,,No-Till,,No Cover Crop,Low Crop Diversity,,,,-95.7553,39.5109,E1,E1_H ,Spring,4/12/2024,0,8,5.5,6,0.1,NONE,3.6,167,8.2,0.88,94.9,16.8,1.45,2433,431,16,26.2,38,2,46,14,0,22,1.27,242,13.4,18.06,,51,54,1.1,106,65,15.8,16.65,43.8,13.4,0,2.1,3.8,,14,4.3,9.7,65,515,210,129,6.7,0.57,3.9,0.14,113,26,3686.162705,1.718485958,40.13,1479.308982,9.18,338.339073,22.84,842.036922,0,0,8.03,295.827923,1.89,69.77925817,6.13,226.0486648,0.95,34.88962909,637.2720601,17.29,41.72,1537.797098,0.199977102,0.023585086,0.756821991,2.253170622,10.77630269,2.23366641,0.574680642,2.23,3.14,8,48,44,Silty Clay,3.04
54185,Corn,,No-Till,,No Cover Crop,Low Crop Diversity,,,,-95.7543,39.511,E1,E1_I ,Spring,4/12/2024,0,8,5.2,6.1,0.08,NONE,3.5,143,7.8,1.66,100.1,31.9,1.42,2183,362,17,23.6,39,2,46,13,0,26,2.1,210,13.5,15.56,,45,47,0.6,85,56,16.3,14.32,40.5,13.5,0,2.7,3.8,,15,5.6,9.4,59,500,203,123,6.6,0.74,8.1,0.1,105,23,2416.187585,1.670614949,41.61,1005.490601,8.51,205.5745753,23.61,570.5057813,0,0,7.04,170.1763452,1.51,36.3994574,5.54,133.7768878,0.73,17.69911504,434.9848201,18,42.1,1017.246948,0.169247077,0.017602467,0.76245471,2.974910807,16.93395253,1.690202518,0.414917541,3.37,4.16,6,52,42,Silty Clay,4.51
54186,Soybeans,,No-Till,,No Cover Crop,Low Crop Diversity,,,,-95.7532,39.5121,E2,E2_A,Spring,4/12/2024,0,8,5,5.8,0.11,NONE,3.6,119,9.5,1.14,79.4,33.8,1.1,1879,325,13,24,48,1,39,11,0,30,11.81,158,8.4,18.81,,39,42,5.4,104,51,25.6,14.31,65.9,8.4,0,13,8,,14,5.9,8.1,57,457,184,94,6,0.54,8.3,0.08,102,18,2998.727441,1.682192373,38.15,1144.030541,7.45,223.5076354,21.9,656.6982878,0,0,7.87,236.001851,1.54,46.13026377,6.33,189.8715872,1.46,43.67191115,487.3322536,16.25,45.07,1351.515502,0.206289817,0.038173728,0.742094601,2.359231318,7.375668029,1.833185448,0.502137187,14.65,13.25,4,54,42,Silty Clay,4.85
54187,Soybeans,,No-Till,,No Cover Crop,Low Crop Diversity,,,,-95.7532,39.5099,E2,E2_B ,Spring,4/12/2024,0,8,5.1,6.1,0.11,NONE,3.8,167,9,70.75,75.9,39,1.11,1950,344,11,21.9,40,2,45,13,0,72,17.41,189,0.2,189,,47,50,34.7,145,61,52.3,17.11,76.6,0.2,0,20.9,32.6,,46,34.3,11.7,80,509,197,94,6.9,11.51,11.1,0.09,115,20,3918.268334,1.739298095,40.63,1591.839273,7.12,279.0632581,25.49,998.7870871,0,0,9.94,389.62493,1.72,67.5188157,8.22,322.1061143,1,39.31081669,593.0521864,15.14,41.3,1618.430055,0.244763989,0.024695217,0.593772381,2.075606395,4.548248968,2.24283054,0.559883297,22.15,61.95,4,54,42,Silty Clay,2.76
54188,Soybeans,,No-Till,,No Cover Crop,Low Crop Diversity,,,,-95.7517,39.5099,E2,E2_C ,Spring,4/12/2024,0,8,4.9,5.9,0.11,NONE,3.9,156,7.1,1.53,75.9,42,1.13,2093,375,10,24.8,43,2,42,13,0,36,35.31,177,2.1,84.29,,49,53,28.7,112,65,66.1,14.68,63.5,2.1,0,41.4,27.6,,24,12,12,76,516,195,103,6.6,1.31,11.4,0.12,122,21,3034.389317,1.748681487,40.03,1214.521176,7.03,213.2081797,23.7,719.0188848,0,0,10.04,304.7267851,2.16,65.48217678,7.88,239.2446083,0.99,29.97541625,495.5022908,16.33,41.92,1271.957761,0.250902818,0.024680851,0.689136685,1.921269059,14.28483992,2.704607046,0.658804865,41.75,51.55,4,50,46,Silty Clay,2.76
54189,Soybeans,,No-Till,,No Cover Crop,Low Crop Diversity,,,,-95.7528,39.5087,E2,E2_D ,Spring,4/12/2024,0,8,5.4,6.3,0.1,NONE,4,137,5.3,2.3,82.8,15.9,1.07,2415,354,12,22.3,31,2,54,13,0,22,7.03,189,12.4,15.24,,42,45,0.9,127,55,20.3,17.07,67.1,12.4,0,7.5,3.2,,15,5.1,9.9,65,615,167,96,6.6,0.99,4.5,0.07,119,20,4223.841699,1.74289374,41.23,1741.537967,8.9,375.8365508,24.13,1019.047619,0,0,8.14,343.8223938,2.16,91.08751609,5.98,252.7348777,1.43,60.48906049,722.4903475,17.11,40.3,1702.155727,0.197424576,0.034733128,0.708985855,2.071819552,11.66052896,2.491987179,0.661588331,7.77,2.2,6,52,42,Silty Clay,3.03
54190,Soybeans,,No-Till,,No Cover Crop,Low Crop Diversity,,,,-95.7517,39.5087,E2,E2_E ,Spring,4/12/2024,0,8,5,6,0.11,NONE,3.9,180,8.4,0.86,73,30.6,1.01,2056,316,11,23.5,43,2,44,11,0,26,33.81,149,0.2,149,,43,47,35.2,78,59,69.2,11.15,52.4,0.2,0,37.1,34.9,,15,5.6,9.4,83,513,178,97,6.3,0.57,9.4,0.09,100,15,3855.162635,1.797428881,41.41,1596.452136,8.27,318.642204,26.07,1004.861674,0,0,10.77,415.3258479,2.09,80.6516958,8.68,334.6741521,1.16,44.82579002,591.5904619,15.35,38.39,1479.916657,0.260155528,0.02807838,0.588728257,1.873307988,5.491197737,2.548813691,0.674920818,39.45,59.75,10,50,40,Silty Clay,4.43
54191,Soybeans,,No-Till,,No Cover Crop,Low Crop Diversity,,,,-95.7528,39.5076,E2,E2_F ,Spring,4/12/2024,0,8,5.4,6.4,0.14,NONE,3.6,131,6.4,3.65,56.7,11.8,0.91,2573,403,20,22.7,27,1,57,15,0,18,13.31,186,13.5,13.78,,43,50,7.3,109,68,34.2,15.78,58.6,13.5,0,17.3,9.8,,19,7,12,56,588,173,86,6.7,1.1,3.7,0.12,114,24,3665.889387,1.811614914,43.84,1607.055306,9.03,331.0313901,27.43,1005.68012,0,0,9.78,358.6846039,2.04,74.73841555,7.75,283.9461883,1.71,62.66068759,601.3751868,16.4,35.64,1306.457399,0.22319369,0.038990996,0.597978597,2.161974558,16.2519084,2.316847608,0.624877227,18.95,19.05,12,44,44,Silty Clay,3.17
54192,Soybeans,,No-Till,,No Cover Crop,Low Crop Diversity,,,,-95.7516,39.5076,E2,E2_G ,Spring,4/12/2024,0,8,5.4,6.1,0.13,NONE,3.8,142,6.1,1.29,86.9,23.6,1.27,2257,307,9,22.9,38,2,49,11,0,23,8.31,189,12.1,15.62,,39,42,2.7,80,52,23.1,13.32,42.4,12.1,0,9.2,5.2,,15,5.1,9.9,63,594,156,98,6.9,0.73,6.4,0.08,102,17,3027.776287,1.704859019,39.07,1183.055123,7.98,241.506092,24.29,735.5751167,0,0,8,242.2575278,1.83,55.4452257,6.17,186.8123021,1.59,48.03821588,447.4800064,14.78,43.01,1302.211368,0.204772815,0.040605222,0.608340326,2.225576684,8.092691622,2.684640523,0.547708805,10.45,7.4,8,52,40,Silty Clay,3.66
54193,Corn,,No-Till,,No Cover Crop,Low Crop Diversity,,,,-95.7566,39.5098,E3,E3_A ,Spring,4/12/2024,0,8,5.6,6.4,0.11,NONE,3.6,184,8.7,1.51,58.8,11,1.11,2972,550,16,25.9,23,2,57,18,0,19,2.94,226,13.4,16.87,,53,56,0.8,88,66,17.1,14.88,38.9,13.4,0,3.6,3.8,,14,4.4,9.6,65,576,210,99,9.4,1.12,3.6,0.14,131,22,2985.900942,1.695039016,37.25,1112.336676,7.26,216.6514737,22.13,660.7718019,0,0,8.34,249.0124582,1.97,58.82710422,6.37,190.185354,1.6,47.76663628,451.5648739,15.12,45.55,1360.133698,0.223864288,0.042942607,0.683390049,2.130593948,8.970204842,2.315932572,0.719661101,3.5,3.93,2,48,50,Silty Clay,2.45
54195,Corn,,No-Till,,No Cover Crop,Low Crop Diversity,,,,-95.7554,39.5099,E3,E3_B ,Spring,4/12/2024,0,8,5.5,6.2,0.08,NONE,3.6,181,8.7,0.57,73.9,13.5,1.25,2826,495,24,26.4,29,2,53,16,0,23,2.25,241,12.3,19.59,,50,54,0.5,145,67,15.1,19.34,60.3,12.3,0,1.6,3.1,,13,3.8,9.2,62,524,213,110,6.3,0.4,3.5,0.13,118,28,3565.006957,1.766288883,40.12,1430.243814,7.97,284.1067215,23.98,855.0124024,0,0,9.59,342.0352108,2.06,73.50716922,7.53,268.5280416,1.46,52.09026559,575.2314115,16.14,40.86,1456.530946,0.239144688,0.036420549,0.672775517,1.966815369,5.424741124,2.434280639,0.688866434,1.9,3.36,4,48,48,Silty Clay,2.55
54196,Corn,,No-Till,,No Cover Crop,Low Crop Diversity,,,,-95.7543,39.5099,E3,E3_C ,Spring,4/12/2024,0,8,5.3,5.8,0.1,NONE,3.7,118,7.5,0.77,71.6,24.8,0.96,2212,375,10,26,44,1,42,12,0,23,1.6,156,8.5,18.35,,44,49,0.8,97,62,10.9,13.72,62.3,8.5,0,2.2,5.8,,13,3.9,9.1,52,472,203,113,5.9,0.52,6.9,0.09,101,17,3230.28064,1.649373336,36.74,1186.758701,7.27,234.7203318,21.55,696.1565882,0,0,8.25,266.5435219,1.57,50.74859032,6.68,215.7949316,0.69,22.19845745,490.6021129,15.19,47.06,1520.059628,0.224597908,0.018705115,0.704729541,2.3490067,5.332754342,1.967983992,0.598063236,1.67,1.73,6,50,44,Silty Clay,3.56
54197,Corn,,No-Till,,No Cover Crop,Low Crop Diversity,,,,-95.7566,39.5087,E3,E3_D ,Spring,4/12/2024,0,8,5.8,6.5,0.1,NONE,4,125,5.9,0.79,53.6,8.5,0.82,2595,445,20,21.7,21,1,60,17,0,19,3.47,156,11.8,13.22,,41,45,0.5,144,57,15.8,17.53,92.5,11.8,0,3.6,7.2,,12,3,9,56,624,167,83,7.1,0.64,3.3,0.11,134,25,3409.512686,1.825960699,44.89,1530.562585,9.11,310.7520602,27.59,940.7890468,0,0,10.02,341.6715333,2.7,91.94731036,7.32,249.724223,1.45,49.5100902,589.7735384,17.3,34.52,1177.016417,0.223232644,0.032347642,0.626892437,1.997774458,20.49475754,2.675047438,0.660533659,4.02,2.07,10,50,40,Silty Clay,3.96
54198,Corn,,No-Till,,No Cover Crop,Low Crop Diversity,,,,-95.7554,39.5087,E3,E3_E ,Spring,4/12/2024,0,8,5.5,6,0.09,NONE,4.1,131,7.2,0.74,71.1,22.8,1.08,2565,443,15,26.6,36,1,48,14,0,21,1.39,208,12.6,16.51,,45,49,1.2,113,63,15.2,16.44,54.2,12.6,0,1.9,5.3,,12,3.4,8.6,54,506,185,100,6.2,0.49,5.9,0.11,112,19,3372.468825,1.803321175,39.55,1333.77188,7.45,251.2012356,24.48,825.7350418,0,0,11.93,402.3853106,2.1,70.95870038,9.83,331.4266102,1.11,37.38130649,508.0368379,15.06,39.96,1347.729093,0.301689754,0.028026762,0.615254061,1.754431256,4.497293343,2.515617492,0.687819679,1.77,2.83,10,46,44,Silty Clay,4.33
54199,Corn,,No-Till,,No Cover Crop,Low Crop Diversity,,,,-95.7543,39.5087,E3,E3_F ,Spring,4/12/2024,0,8,5.5,6.4,0.11,NONE,3.2,135,8,1.5,65,15.4,0.94,2445,416,33,22.6,28,2,54,15,1,26,1.26,224,13.9,16.12,,38,44,0.4,96,57,15.6,15.54,42.9,13.9,0,1.9,3.8,,16,6.2,9.8,54,507,202,101,6.5,0.84,4.5,0.11,109,37,3272.707396,1.735751739,37.36,1222.607446,7.41,242.5662169,22.83,747.1889055,0,0,9.36,306.3468266,1.98,64.84257871,7.38,241.5042479,1.78,58.09595202,475.4185407,14.53,44.09,1443.090955,0.250568429,0.047518075,0.636276231,2.0155963,9.08861186,2.364039409,0.660231239,1.69,2.71,12,44,44,Silty Clay,4.55
54200,Corn,,No-Till,,No Cover Crop,Low Crop Diversity,,,,-95.7566,39.5076,E3,E3_G ,Spring,4/12/2024,0,8,6.3,6.7,0.1,NONE,3.6,149,7,0.79,43.3,6.5,0.89,3227,464,15,23.5,13,2,69,16,0,13,1.17,248,18,13.78,,52,54,0.6,72,61,19.7,14.38,29.1,18,0,1.6,3.3,,10,2.4,7.6,54,693,164,73,7.6,0.58,2.5,0.11,126,20,3536.497806,1.76996108,39.46,1395.549604,9.35,330.7595874,23.74,839.4495413,0,0,8.92,315.3740954,2.28,80.68835831,6.64,234.6857371,1.64,58.03749501,556.1000627,15.72,40.63,1436.777024,0.225985586,0.041587554,0.662457998,2.053958375,10.04604226,2.542314335,0.737689658,1.52,2.22,10,46,44,Silty Clay,4.49
54201,Corn,,No-Till,,No Cover Crop,Low Crop Diversity,,,,-95.7554,39.5076,E3,E3_H ,Spring,4/12/2024,0,8,5.7,6.4,0.08,NONE,3.8,158,7.3,1.38,57.4,13.8,0.98,2681,447,12,23.7,26,2,56,16,0,20,1.18,232,14.9,15.57,,52,54,0.9,92,64,17,15.48,39.7,14.9,0,1.9,3.8,,13,3.9,9.1,62,588,176,84,6.9,0.74,4,0.12,123,17,2863.250577,1.757146935,39.84,1140.819861,7.24,207.2170901,24.35,697.113164,0,0,9.44,270.2655889,2.19,62.70207852,7.25,207.5635104,1.78,50.89491917,443.7066975,15.5,41.7,1194.053118,0.236904702,0.044612582,0.636491635,1.870438387,9.258209471,2.433819829,0.753686136,2.01,3.57,6,48,46,Silty Clay,4.38
54202,Corn,,No-Till,,No Cover Crop,Low Crop Diversity,,,,-95.7543,39.5076,E3,E3_I ,Spring,4/12/2024,0,8,5.7,6.4,0.08,NONE,3.5,116,6.7,1.27,73.5,16,1,2343,329,14,21.2,30,1,55,13,0,23,2.84,191,12.3,15.53,,29,36,0.7,59,50,15.9,11.49,30.8,12.3,0,2.7,2.9,,13,4.8,8.2,47,561,156,92,6.5,0.63,4.8,0.12,102,19,2589.76297,1.657028642,38.15,987.9066393,7.79,201.8079574,22.68,587.344298,0,0,7.17,185.6935542,1.86,48.19204257,5.31,137.5015117,1.26,32.56137381,400.5623413,15.47,45.63,1181.793445,0.187966703,0.032959971,0.681988984,2.302037079,8.835659613,2.325842697,0.549019608,2.94,2.35,12,52,36,Silty Clay Loam,5.21
54214,Soybeans,,No-Till,,Cover Crop,Low Crop Diversity,,,,-95.6687,39.3895,S2,S2_A ,Spring,4/12/2024,0,8,5.9,6.4,0.11,NONE,4.7,137,8.5,1.64,130.6,10.5,1.09,2376,344,22,20.9,27,2,57,14,0,11,3.63,295,26.4,11.17,,35,41,0.6,243,55,30.6,27.44,82.4,26.4,0,4,2.8,,10,1.5,8.5,60,693,135,126,8.3,0.69,3.9,0.12,129,27,2685.250269,1.695197997,36.44,978.6293294,7.45,200.0453489,22.34,599.7675869,0,0,8.98,241.2561646,1.86,49.9121365,7.13,191.3440281,1.21,32.39612267,378.8617425,14.11,45.91,1232.923304,0.24652456,0.033103568,0.631680922,2.110509294,4.569227431,2.15687251,0.819862726,4.16,1.9,10,56,34,Silty Clay Loam,6.74
54215,Soybeans,,No-Till,,Cover Crop,Low Crop Diversity,,,,-95.6677,39.3895,S2,S2_B ,Spring,4/12/2024,0,8,6.3,6.8,0.1,NONE,3.4,141,7.8,0.96,52.2,6.8,0.98,2917,490,25,21.4,11,2,67,19,1,9,1.2,287,26,11.04,,43,47,0.1,99,59,27.3,18.25,34.5,26,0,1.5,3.1,,8,1.5,6.5,53,659,176,81,7.5,0.46,2.3,0.13,146,28,3373.742655,1.888689639,33.52,1130.913256,7.65,258.0171298,19.6,661.0895329,0,0,13.46,454.1131361,1.66,55.92072503,11.8,398.1924111,4.58,154.5413803,469.8237227,13.93,40.79,1376.157753,0.401545507,0.136651843,0.710680928,1.802986111,3.061295478,2.573254671,0.940597345,2.34,4.46,10,48,42,Silty Clay,3.66
54216,Soybeans,,No-Till,,Cover Crop,Low Crop Diversity,,,,-95.6667,39.3895,S2,S2_C ,Spring,4/12/2024,0,8,6,6.4,0.11,NONE,3.9,128,7,0.88,65,11.7,1.07,2767,502,27,24,23,1,58,17,0,10,1.24,297,26.3,11.29,,53,54,0.2,171,62,27.7,23.54,57.5,26.3,0,2,3.2,,9,1.4,7.6,52,657,178,93,7.1,0.4,3,0.11,148,35,4346.503983,1.798188176,39.61,1721.519788,8.98,390.5044886,23.7,1030.155519,0,0,9.94,431.9446201,2.08,90.49816665,7.86,341.4464534,1.74,75.57845492,691.3642686,15.91,39.73,1726.956632,0.250908891,0.04390217,0.671126112,1.971087278,11.06426954,2.52262931,0.883963733,2.02,4.31,2,54,44,Silty Clay,3.66
54217,Soybeans,,No-Till,,Cover Crop,Low Crop Diversity,,,,-95.6687,39.3885,S2,S2_D ,Spring,4/12/2024,0,8,6.1,6.7,0.13,NONE,4.1,120,8.3,1.2,97.8,9.2,1.08,2280,340,29,17.7,17,2,64,16,1,10,1.88,288,24.7,11.66,,32,38,0.7,101,53,27.3,18.31,35,24.7,0,2.4,3.3,,9,1.5,7.5,56,692,147,96,8.1,0.54,3.2,0.14,134,35,5247.040356,1.792208649,41,2151.219831,10.04,526.7512591,23.85,1251.455295,0,0,9.1,477.2712408,2.31,121.3617634,6.78,355.9094774,1.47,77.08156191,899.7645366,17.15,38.4,2014.716463,0.221860748,0.03583156,0.718974573,2.129337606,15.28655375,2.40258512,0.723874905,2.94,2.97,12,52,36,Silty Clay Loam,5.04
54218,Soybeans,,No-Till,,Cover Crop,Low Crop Diversity,,,,-95.6677,39.3885,S2,S2_E ,Spring,4/12/2024,0,8,6.4,6.7,0.1,NONE,3.6,117,7.3,0.64,57.2,6.6,0.92,2507,393,25,19,15,2,65,17,1,8,2.33,255,23.1,11.04,,45,48,0.4,165,57,25.9,22,64.8,23.1,0,2.8,2.7,,8,1.4,6.6,51,702,162,83,7.7,0.34,2.6,0.13,140,32,4347.662818,1.808091394,39.69,1725.451183,9.68,420.748795,22.46,976.5721332,0,0,9.37,407.4935545,2.23,97.15839031,7.14,310.3351642,2.08,90.51675821,748.8790494,17.22,39.18,1703.452528,0.236166377,0.052459762,0.766844582,2.096324052,11.28167152,2.57791754,0.774131429,2.77,3.53,8,52,40,Silty Clay,4.22
54219,Soybeans,,No-Till,,Cover Crop,Low Crop Diversity,,,,-95.6667,39.3885,S2,S2_F ,Spring,4/12/2024,0,8,5.9,6.6,0.11,NONE,3.7,136,6.7,0.6,66.5,11.5,0.98,2903,520,31,23.2,17,2,61,19,1,11,1.88,251,21.7,11.57,,52,54,0.9,109,62,24.5,17.89,43.5,21.7,0,2.4,3.2,,8,1.3,6.7,52,611,192,101,6.7,0.37,3.1,0.37,142,33,4480.364935,1.75739766,39.18,1755.553352,8.32,372.8348539,22.22,995.4713738,0,0,9.17,410.8819252,1.87,83.76305699,7.3,327.1188682,1.57,70.1441227,760.0819781,16.96,41.76,1870.950681,0.23404696,0.039955563,0.763539764,2.190431281,13.68263473,2.189845475,0.737368327,2.08,3.83,6,50,44,Silty Clay,3.93
54220,Soybeans,,No-Till,,Cover Crop,Low Crop Diversity,,,,-95.6684,39.3875,S2,S2_G ,Spring,4/12/2024,0,8,5.8,6.3,0.1,NONE,3.8,158,7.6,0.97,78.8,13.3,1.1,2597,404,17,23.3,28,2,56,14,0,17,1.13,221,20,11.05,,48,50,0.5,181,59,21.6,22,81.9,20,0,1.8,2.7,,12,2.8,9.2,65,617,137,86,7.3,0.46,3.6,0.14,125,24,4105.868137,1.776038379,38.01,1560.819185,7.92,325.1951915,21.74,892.7686206,0,0,10.02,411.4202503,1.93,79.06803817,8.09,332.3522122,1.82,74.63750155,668.0505639,16.27,42.23,1733.796009,0.263592512,0.047819441,0.748290821,2.128992408,4.574605452,2.340899878,0.734490849,1.94,2.55,6,50,44,Silty Clay,4.8
54221,Soybeans,,No-Till,,Cover Crop,Low Crop Diversity,,,,-95.6674,39.3875,S2,S2_H,Spring,4/12/2024,0,8,6,6.6,0.1,NONE,4.1,124,7.7,0.75,69.8,9.8,1,2729,444,25,22.2,20,1,62,17,0,13,1.42,252,24.8,10.16,,50,52,0.2,149,60,26.5,21.1,59,24.8,0,2.2,2.8,,11,2.2,8.8,54,641,171,93,7.5,0.46,3.2,0.11,136,32,4421.079864,1.825503295,41.56,1837.503044,8.97,396.5790114,24.03,1062.21086,0,0,10.44,461.6204042,2.12,93.65108352,8.32,367.9693207,1.66,73.22863404,775.2921841,17.54,37.37,1652.14877,0.251221573,0.039852252,0.729885387,2.056653755,6.189820743,2.268885191,0.750996933,2,2.75,4,52,44,Silty Clay,4.77
54222,Soybeans,,No-Till,,Cover Crop,Low Crop Diversity,,,,-95.6664,39.3875,S2,S2_I ,Spring,4/12/2024,0,8,6.2,6.6,0.11,NONE,3.4,123,6.1,0.68,60.5,9.5,0.96,2854,519,58,23.1,17,1,62,19,1,8,1.98,251,20.4,12.3,,34,40,0.01,87,55,22.4,15.98,34.7,20.4,0,1.9,2.6,,7,1.2,5.8,45,608,189,98,6.8,0.37,2.7,0.15,143,62,4153.964541,1.789822879,37.65,1563.777395,8.19,340.033243,21.95,911.7828121,0,0,10.85,450.8741689,1.97,81.63014036,8.89,369.2440286,1.48,61.62275302,651.9945826,15.7,41.83,1737.656981,0.288323754,0.039406346,0.715076632,2.009846214,4.539489672,2.362768496,0.715779039,2.09,3.17,10,48,42,Silty Clay,3.03
54223,Soybeans,,No-Till,,Cover Crop,Low Crop Diversity,,,,-95.6681,39.3865,S2,S2_J ,Spring,4/12/2024,0,8,5.9,6.4,0.11,NONE,4.1,152,7.2,0.8,87.8,12.8,1.3,3022,496,18,25.6,23,2,59,16,0,13,1.53,232,19.2,12.08,,59,60,0.4,168,66,21.1,21.35,72.4,19.2,0,1.9,2.9,,10,1.5,8.5,59,606,185,118,6.7,0.42,3.2,0.12,130,22,4298.058553,1.825743224,41.26,1773.170858,9.14,392.7040843,24.97,1073.036609,0,0,10.47,450.1471575,2.26,97.02070532,8.22,353.1264522,1.69,72.64935199,700.134249,16.29,37.44,1609.387102,0.253865642,0.040971434,0.652479369,1.963402723,14.344402,2.29606389,0.701113173,2.03,3.46,2,52,46,Silty Clay,4.65
54224,Corn,,No-Till,,Cover Crop,High Crop Diversity,,,,-95.67,39.3865,S3,S3_A ,Spring,4/12/2024,0,8,6.2,6.7,0.13,NONE,3.9,163,7.1,0.97,59.4,9.8,1.07,3248,467,14,23.8,13,2,68,16,0,14,1.32,244,22.6,10.8,,54,55,0.3,223,61,24.2,25.04,91.4,22.6,0,1.9,3.1,,12,2.7,9.3,62,750,171,92,8.1,0.51,3.1,0.13,139,18,5297.343488,1.923813774,37.86,2005.60686,8.99,475.9834493,23.38,1238.336532,0,0,15.32,811.6754617,2.4,127.0388582,12.92,684.6366035,1.98,104.7313504,767.2703286,14.48,35.85,1899.346366,0.404703174,0.052219282,0.619597588,1.565300538,2.923503935,2.816901408,0.962325962,2.22,3.63,2,54,44,Silty Clay,3.56
54225,Corn,,No-Till,,Cover Crop,High Crop Diversity,,,,-95.67,39.3855,S3,S3_B ,Spring,4/12/2024,0,8,7,7.2,0.19,LOW,4.8,232,9,1.93,48.4,5.7,1.12,4498,697,21,29,0,2,78,20,0,31,2.02,272,26,10.46,,63,64,0.6,168,72,28.6,22.82,61.8,26,0,3.2,4,,29,13.1,15.9,74,1077,161,86,11.9,0.89,3.5,0.2,201,25,6690.142236,1.905068384,37.26,2493.052812,8.02,536.4151192,22.25,1488.476228,0,0,13.32,891.0180429,2.24,150.006585,11.08,741.0114579,3.51,234.9861715,1004.576584,15.02,37.89,2534.670091,0.357400388,0.094256395,0.674902672,1.580443167,3.55913619,2.911209767,1.085775448,3.09,4.71,2,48,50,Silty Clay,5.61
54226,Corn,,No-Till,,Cover Crop,High Crop Diversity,,,,-95.671,39.3845,S3,S3_C ,Spring,4/12/2024,0,8,7.1,7.2,0.19,LOW,4.4,214,6.6,1.32,33.8,4.7,0.93,4353,604,25,27.5,0,2,79,18,0,39,1.76,299,31.3,9.55,,55,56,0.2,248,63,33.2,28.24,82.9,31.3,0,2.7,3.2,,30,16.2,13.8,67,1073,152,76,11.3,0.7,3.2,0.2,181,28,4987.104375,1.856257746,39.72,1980.768006,10.07,502.4199198,24.97,1245.080558,0,0,11.34,565.656244,2.73,135.9931223,8.62,429.6631217,1.76,87.62656817,735.6874483,14.75,37.11,1850.633637,0.285574203,0.044238683,0.59087538,1.814051984,5.805475125,2.922003805,1.085677308,2.25,3.16,2,50,48,Silty Clay,3.63
54227,Corn,,No-Till,,Cover Crop,High Crop Diversity,,,,-95.67,39.3845,S3,S3_D ,Spring,4/12/2024,0,8,7,7.2,0.21,LOW,5.2,248,8.3,1.78,42.1,4.7,1.05,4329,648,24,27.8,0,2,78,19,0,41,2.07,307,30.8,9.97,,66,67,1,363,75,33.9,33.01,118.2,30.8,0,3.6,5,,34,18.7,15.3,85,1085,158,83,12.1,0.83,3.3,0.22,200,28,4873.760664,1.875804193,45.37,2211.32119,10.46,510.0299746,30.18,1471.062947,0,0,11.28,549.7175467,2.95,143.9647222,8.33,405.7528245,1.74,84.56306202,740.258243,15.19,31.15,1518.128891,0.248592357,0.038240968,0.503213166,1.663577371,19.85173824,2.753197279,1.170497841,3.36,3.15,4,48,48,Silty Clay,3.99
54228,Corn,,No-Till,,Cover Crop,High Crop Diversity,,,,-95.6703,39.3838,S3,S3_E,Spring,4/12/2024,0,8,6.7,7.2,0.16,NONE,4.8,198,7.7,1.38,50.7,7.5,1.09,4235,617,28,26.9,0,2,79,19,0,29,2.65,290,27.5,10.55,,60,60,0.7,231,68,30.9,26.85,79.7,27.5,0,3.3,3.6,,27,13.5,13.5,66,915,148,78,10.7,0.67,3.3,0.17,170,29,6360.863474,1.894983011,43.38,2759.042282,10.98,698.3571065,27.99,1780.151554,0,0,11.87,755.2852776,2.93,186.4174733,8.94,568.8678044,1.76,112.2325522,978.8907285,15.39,32.01,2035.946256,0.273749077,0.040678083,0.549891792,1.688788482,15.58978067,2.032063697,0.919011448,4.26,4.05,0,52,48,Silty Clay,4.24
54229,Corn,,No-Till,,Cover Crop,High Crop Diversity,,,,-95.6703,39.3835,S3,S3_F,Spring,4/12/2024,0,8,7,7.2,0.1,LOW,3.9,322,6.8,1.16,39.5,6,0.98,3731,519,22,23.9,0,3,78,18,0,30,1.66,297,28.9,10.28,,55,56,0.6,280,63,31.2,29.41,94.3,28.9,0,2.2,2.8,,26,13.7,12.3,129,940,157,80,10,0.61,2.9,0.18,162,26,5056.995267,1.890772404,38.26,1934.635807,8.82,445.7751356,23.68,1197.650929,0,0,13.94,705.1541037,2.31,116.9052291,11.63,588.2488745,1.86,94.10712224,736.9848782,14.57,37.12,1877.323098,0.364489327,0.048643327,0.615358666,1.574379118,3.392680721,2.945751019,1.187624917,2.23,2.97,8,50,42,Silty Clay,3.42
54230,Corn,,No-Till,,Cover Crop,High Crop Diversity,,,,-95.6654,39.3865,S4,S4_A ,Spring,4/12/2024,0,8,6.1,6.6,0.09,NONE,3.7,88,7.3,0.85,71.2,6.9,0.65,2406,351,30,19,19,1,63,15,1,9,1.18,256,22.8,11.23,,38,45,0.7,103,62,24.6,17.64,40.2,22.8,0,2,2.5,,7,1,6,42,650,139,86,7.3,0.5,2.7,0.09,123,33,5805.280047,1.879199452,42.29,2455.105018,8.86,514.1190198,25.11,1457.847141,0,0,12.43,721.6161027,2.5,145.3033839,9.93,576.3127188,1.59,92.35705951,997.2578763,17.18,34.83,2022.082847,0.293924739,0.037618374,0.684062031,1.838195798,4.830261274,2.652586207,0.680653842,1.88,1.16,20,44,36,Silty Clay Loam,4.69
54232,Corn,,No-Till,,Cover Crop,High Crop Diversity,,,,-95.6643,39.3865,S4,S4_B ,Spring,4/12/2024,0,8,6.9,7.2,0.1,LOW,4.2,95,8.1,1.02,45.9,3.7,0.55,2972,401,46,18.6,0,1,80,18,1,10,2.12,265,26,10.19,,37,44,0.9,85,60,29,16.67,32.1,26,0,2.5,2.6,,9,1.7,7.3,42,908,136,75,9.7,0.46,2.3,0.14,159,51,7565.318259,1.917457818,42.61,3223.826951,10.73,811.5932558,26.76,2024.604627,0,0,13.31,1006.731146,3.02,228.6629199,10.28,778.0682264,1.43,108.3845249,1199.222324,15.85,31.92,2414.782381,0.312278283,0.033619833,0.592324204,1.644428277,4.608677911,3.089403974,0.954086455,3.08,1.9,24,42,34,Clay Loam,3.71
54233,Corn,,No-Till,,Cover Crop,High Crop Diversity,,,,-95.6666,39.3855,S4,S4_C ,Spring,4/12/2024,0,8,6.6,7.2,0.09,NONE,4.5,183,7.9,0.94,78.1,7.6,1.14,3364,587,42,22.4,0,2,75,22,1,15,1.21,291,24.2,12.02,,61,62,0.5,124,70,25.9,20.08,42.6,24.2,0,2.3,3.4,,11,2.3,8.7,63,687,169,100,8.2,0.56,2.9,0.15,148,39,4227.850111,1.885385901,41.82,1767.942204,9.22,389.885678,24.69,1043.982217,0,0,11.78,498.2269504,2.45,103.5778554,9.33,394.649095,2.26,95.50651,723.9599873,17.12,34.92,1476.288769,0.281811786,0.054021285,0.693460076,1.948958313,13.21751178,2.30324797,0.611172566,1.88,3.11,4,50,46,Silty Clay,7.41
54234,Corn,,No-Till,,Cover Crop,High Crop Diversity,,,,-95.6656,39.3855,S4,S4_D ,Spring,4/12/2024,0,8,6.1,6.6,0.08,NONE,3.6,92,8.2,0.78,76,6.7,0.71,2504,413,37,20.4,20,1,61,17,1,9,0.79,211,19.1,11.05,,37,44,0.3,88,61,20.2,15.15,41.6,19.1,0,1.3,2.2,,7,0.9,6.1,39,594,139,90,6.8,0.38,2.4,0.12,124,38,5406.795176,1.952583831,34.77,1880.03446,7.6,410.9681241,20.88,1129.092182,0,0,21.55,1164.979539,2.15,116.0618135,19.4,1048.917726,1.28,69.3786345,750.9422787,13.89,34.8,1881.434417,0.619658609,0.036902853,0.665085004,1.37383577,0.883454464,2.615692308,0.697047416,1.55,1.73,16,46,38,Silty Clay Loam,4.35
54235,Corn,,No-Till,,Cover Crop,High Crop Diversity,,,,-95.6645,39.3853,S4,S4_E ,Spring,4/12/2024,0,8,6.6,7.2,0.09,NONE,5.5,172,8.1,2.47,81.2,6.4,0.71,2627,361,14,16.6,0,3,79,18,0,34,4.47,211,24.9,8.47,,45,55,0.6,383,77,29.9,31.16,181.7,24.9,0,5.9,3,,27,13.2,13.8,82,822,105,90,9.6,1.01,3.1,0.13,149,20,7886.79669,1.925142076,41.55,3277.250273,9.24,728.8445499,24.45,1928.690575,0,0,14.43,1138.448707,2.41,190.3509335,12.02,948.0977738,1.69,133.0275229,1348.559697,17.1,33.08,2609.225637,0.347379239,0.040591201,0.699209979,1.633422717,3.999942703,2.767150726,0.670169533,6.43,1.99,24,40,36,Clay Loam,6.19
54236,Corn,,No-Till,,Cover Crop,High Crop Diversity,,,,-95.6666,39.3845,S4,S4_F ,Spring,4/12/2024,0,8,6.7,7.2,0.1,NONE,5.7,346,7.4,2.57,75,4.9,0.63,2946,405,8,19,0,5,77,18,0,44,1.74,253,31.5,8.03,,36,46,0.4,353,65,33.7,31.65,139.4,31.5,0,3.2,2.8,,36,22.4,13.6,154,942,85,96,10.5,0.93,2.8,0.12,172,14,7263.195734,1.844092762,44.56,3236.684441,9.43,684.8900605,27.49,1996.345336,0.17,12.46180576,10.75,780.6003235,2.53,183.5120724,8.22,597.0882512,1.08,78.18584866,1240.339105,17.08,33.85,2458.540531,0.241172823,0.024156154,0.621304883,1.858886631,6.588677404,2.763330898,0.591148686,2.54,1.03,10,52,38,Silty Clay Loam,9.34
54237,Corn,,No-Till,,Cover Crop,High Crop Diversity,,,,-95.6656,39.3846,S4,S4_G ,Spring,4/12/2024,0,8,6.6,7.2,0.09,NONE,4.9,147,8.7,1.58,66.1,5.6,0.62,2378,335,10,15.1,0,2,79,18,0,15,1.83,210,21.1,9.95,,36,45,0.4,308,63,23.4,28.06,146.8,21.1,0,2.7,2.7,,11,3.4,7.6,76,829,94,84,9.7,0.6,3.2,0.13,156,21,8264.613505,1.883705554,44.99,3717.995696,8.85,731.7803757,29.04,2400.453673,0,0,12.46,1029.517827,3.04,251.468621,9.41,778.0492061,1.55,128.1044611,1317.542023,15.94,32.02,2646.396789,0.276901296,0.034455247,0.548872089,1.592248351,6.265777651,3.093253199,0.727300803,2.27,3.24,4,56,40,Silty Clay,6.65
54238,Corn,,No-Till,,Cover Crop,High Crop Diversity,,,,-95.6647,39.3845,S4,S4_H ,Spring,4/12/2024,0,8,6.3,6.7,0.09,NONE,5,127,9.5,1.45,92.9,5.6,0.66,2318,351,20,18.1,18,2,64,16,0,12,1.46,250,23.8,10.5,,36,46,1.1,312,66,26.3,29.28,125.1,23.8,0,2.4,3.2,,7,1.6,5.4,63,712,126,104,8.5,0.51,2.7,0.12,145,36,5116.520424,1.841712843,44.12,2257.276853,8.34,426.6565809,27.17,1390.136157,0,0,11.39,583.0257186,2.56,131.1951589,8.83,451.8305598,1.28,65.44629349,867.1406959,16.95,34.87,1784.114977,0.2582872,0.028993472,0.623781125,1.932868832,11.98964242,2.577763071,0.521158235,2.38,2.62,16,46,38,Silty Clay Loam,6.95
54239,Corn,,No-Till,,Cover Crop,High Crop Diversity,,,,-95.6656,39.3838,S4,S4_I,Spring,4/12/2024,0,8,6.6,7.2,0.1,NONE,5,168,7.8,1.76,71.9,7.4,0.7,2545,350,23,16.2,0,3,78,18,1,16,1.81,216,21.3,10.14,,37,45,0.2,198,64,23.3,23,91.9,21.3,0,2.5,2.9,,11,3.7,7.3,80,783,105,89,8.8,0.62,3.7,0.11,145,32,5712.392531,1.934894764,45.43,2595.011226,9.07,518.0986802,28.41,1622.966979,0.16,9.063030502,13.94,796.1776464,2.85,163.0524068,11.08,633.1252396,1.61,92.1636274,972.0442473,17.02,29.79,1701.87832,0.306810868,0.035515695,0.598930391,1.698964055,5.352534761,2.953945521,0.649162281,2.58,1.26,8,54,38,Silty Clay Loam,7.2
54240,Corn,,No-Till,,Cover Crop,High Crop Diversity,,,,-95.6656,39.3838,S4,S4_J,Spring,4/12/2024,0,8,6.4,6.7,0.13,NONE,5,124,8.6,1.39,91.6,7.9,0.74,2421,338,16,18.3,16,2,66,15,0,11,2.34,184,17.5,10.51,,42,50,0.9,259,69,20.7,25.08,140.8,17.5,0,5.1,2.9,,45,31.2,13.8,97,977,118,121,11.5,1.57,4.1,0.17,163,81,6946.907312,1.93399093,40.81,2834.839948,7.37,511.7020618,26.36,1831.001176,0.18,12.25930283,14.88,1033.527336,2.13,147.7927063,12.75,885.7346294,2.95,205.1885332,1003.838772,14.45,33.64,2337.254659,0.364580489,0.072380994,0.548245837,1.492947179,3.969117007,2.824304101,0.687421185,3.26,1.25,14,50,36,Silty Clay Loam,7.3
54203,Corn,,Conventional Till,,No Cover Crop,Low Crop Diversity,,,,-95.6677,39.3826,SS1,SS1_A ,Spring,4/12/2024,0,8,5.7,6.7,0.08,NONE,2.7,107,7,0.96,49.3,9.8,0.79,1985,338,26,16.5,21,2,59,17,1,11,5.68,168,14.5,11.59,,30,34,0.3,64,45,20.5,11.71,38,14.5,0,7.5,3.2,,8,1.5,6.5,48,552,166,82,6.4,0.68,4,0.11,117,33,3416.436153,1.733566399,35.74,1221.164362,11.05,377.356063,20.95,715.7928594,0,0,7.99,272.9816661,2.06,70.47282084,5.93,202.5088453,1.65,56.35252493,505.3715021,14.79,43.57,1488.581537,0.223542117,0.046146552,0.706030377,2.133698498,8.934291581,2.740040858,0.916251698,9.39,2.2,12,50,38,Silty Clay Loam,3.97
54204,Corn,,Conventional Till,,No Cover Crop,Low Crop Diversity,,,,-95.6666,39.3826,SS1,SS1_B ,Spring,4/12/2024,0,8,5.8,6.4,0.06,NONE,3.6,119,7.3,0.5,48.1,10.9,0.84,2594,439,14,23.1,26,1,56,16,0,15,4.37,137,10.5,13.05,,46,50,0.1,118,62,15,15.18,86,10.5,0,5.2,2.8,,11,2.5,8.5,55,570,155,74,6.3,0.49,3.9,0.13,123,17,2502.382245,1.865268542,37.57,940.2629516,8.2,205.1142874,21.86,546.9814848,0,0,11.35,284.0600688,1.74,43.51366021,9.61,240.5464085,3.87,96.91815934,393.2814667,15.72,38.21,956.1244798,0.302107052,0.103075591,0.719003253,1.884477081,3.148712312,2.360768176,0.803730992,5.46,1.3,8,48,44,Silty Clay,5.08
54205,Corn,,Conventional Till,,No Cover Crop,Low Crop Diversity,,,,-95.6656,39.3826,SS1,SS1_C ,Spring,4/12/2024,0,8,6.2,6.9,0.08,NONE,3,135,6.6,0.56,30.2,7.4,0.7,3198,475,38,21.7,6,2,73,18,1,10,4.53,164,12.2,13.44,,40,47,0.5,89,64,17.3,13.61,54.2,12.2,0,6.2,3.2,,8,1.9,6.1,49,651,179,70,7.2,0.51,3.3,0.14,122,37,3038.796913,1.785953546,38.24,1162.022035,7.48,227.3905615,24.72,751.1341542,0,0,11.66,354.3863784,2.25,68.28492311,9.41,286.1014553,1.16,35.26188653,410.8878808,13.52,41.46,1259.736051,0.304973888,0.030345282,0.547023296,1.55107496,4.426922477,2.765455403,1.238239538,6.02,2.67,16,40,44,Clay,2.48
54206,Corn,,Conventional Till,,No Cover Crop,Low Crop Diversity,,,,-95.6676,39.3815,SS1,SS1_D ,Spring,4/12/2024,0,8,6.3,6.8,0.06,NONE,2.5,104,6,0.39,33.8,7.9,0.68,2493,405,54,18.6,12,1,67,18,1,5,5.65,164,14.2,11.55,,34,42,0.4,47,59,20.2,9.95,28.7,14.2,0,7.2,3.4,,6,0.8,5.2,45,565,170,73,6.3,0.44,3.4,0.11,115,56,3890.321781,1.886155735,38.2,1486.204972,9.71,377.6737553,25.18,979.4159588,0,0,12.78,497.2409945,2.89,112.5612251,9.89,384.6797694,2.2,85.56017112,506.7890136,13.03,37.11,1443.641887,0.33457094,0.057569563,0.51744002,1.375425812,4.142128603,3.870345446,1.768004811,7.55,2.48,22,38,40,Clay,3.34
54207,Corn,,Conventional Till,,No Cover Crop,Low Crop Diversity,,,,-95.6659,39.3815,SS1,SS1_E ,Spring,4/12/2024,0,8,5.9,6.7,0.08,NONE,3,128,6.7,0.36,35.3,8.5,0.79,2718,445,17,20.8,15,2,65,18,0,11,5.58,167,12.3,13.58,,43,47,1.1,73,58,19,12.28,43.8,12.3,0,6.3,5.4,,9,1.8,7.2,54,611,167,74,7,0.42,3.8,0.13,125,21,2520.321155,1.663769491,35.34,890.6143026,7.58,190.9815149,21.26,535.9432377,0,0,8.94,225.2131699,1.85,46.67952947,7.08,178.5336404,0.62,15.55984316,354.6710649,14.07,47.53,1197.952325,0.252873965,0.017470911,0.661769829,2.031206187,4.779142708,2.047968397,0.866270431,7.09,3.64,16,42,42,Silty Clay,4.15
54208,Corn,,Conventional Till,,No Cover Crop,Low Crop Diversity,,,,-95.6646,39.382,SS1,SS1_F ,Spring,4/12/2024,0,8,6.7,7.2,0.05,NONE,3.1,108,5.7,0.49,29.1,5.5,0.65,2847,398,18,17.9,0,2,79,19,0,12,4.51,165,21.9,7.53,,32,37,0.1,44,49,26.5,10.44,26.7,21.9,0,6.7,3.5,,10,2.9,7.1,51,774,155,66,8.5,0.42,3.3,0.13,137,22,3887.160334,1.824494747,39.99,1554.375956,9.95,386.7486178,25.74,1000.470533,0,0,10.97,426.596871,2.59,100.8704858,8.38,325.7263851,1.24,48.31784496,553.9054229,14.25,37.85,1471.121045,0.274448964,0.031085044,0.553644915,1.62627012,5.779030783,3.08997955,1.111641791,6.73,2.1,14,46,40,Silty Clay,4.32
54209,Corn,,Conventional Till,,No Cover Crop,Low Crop Diversity,,,,-95.6673,39.3805,SS1,SS1_G ,Spring,4/12/2024,0,8,5.9,6.8,0.11,NONE,2.5,85,7.1,0.42,50.9,10.6,0.73,1876,291,38,14.6,16,1,64,17,1,8,4.99,174,22.6,7.7,,21,32,0.6,48,51,28.2,11.09,27.6,22.6,0,6,3.5,,6,0.9,5.1,41,508,157,85,6.1,0.41,4.5,0.14,99,39,4591.930389,1.899341624,41.25,1894.093808,7.88,361.9405209,27.45,1260.385005,0,0,14.42,662.1669945,2.57,118.0046487,11.85,544.1623458,1.95,89.39746111,633.7088027,13.8,34.5,1584.331605,0.34959567,0.047198011,0.502789862,1.352434017,4.514328667,3.033126294,1.029781022,6.7,2.99,24,42,34,Clay Loam,3.19
54210,Corn,,Conventional Till,,No Cover Crop,Low Crop Diversity,,,,-95.6659,39.3805,SS1,SS1_H ,Spring,4/12/2024,0,8,6.3,6.8,0.09,NONE,2.6,76,6.4,0.53,37.4,8.1,0.63,2013,322,17,15.2,14,1,66,18,0,10,3.53,197,19.7,10,,17,30,4,56,52,27.2,12.04,28.5,19.7,0,4.1,6.3,,7,1.6,5.4,41,583,155,71,6.4,0.49,4,0.11,120,20,2901.716212,1.842259842,39.84,1155.899479,8.03,232.9451425,24.57,712.9328838,0,0,12.15,352.6202881,2.02,58.74961692,10.13,293.8706712,1.8,52.16058842,442.9665952,15.27,37.55,1089.457554,0.305061378,0.04512554,0.621330009,1.949436491,4.571751839,2.194950912,0.740546968,4.6,9.45,24,42,34,Clay Loam,3.2
54211,Corn,,Conventional Till,,No Cover Crop,Low Crop Diversity,,,,-95.6642,39.3805,SS1,SS1_I ,Spring,4/12/2024,0,8,7.1,7.2,0.14,LOW,3.2,102,6.6,0.76,21.4,3.7,0.55,3140,335,20,18.8,0,1,83,15,0,15,5.62,197,25.8,7.64,,30,40,0.9,109,59,32.3,17.22,55.4,25.8,0,7.1,3.1,,17,7.1,9.9,48,1255,128,60,12,0.52,4.2,0.16,156,26,3239.297182,1.804191675,34.15,1106.225473,7.16,232.0133191,20.14,652.4854323,0,0,14.23,460.8455227,1.63,52.77084077,12.6,408.0746819,1.07,34.81388988,453.7400404,14.01,43.39,1405.398977,0.41659276,0.031470881,0.695402561,1.895153404,2.578740157,1.900497512,0.495707233,7.89,3.15,20,44,36,Silty Clay Loam,3.65
54212,Corn,,Conventional Till,,No Cover Crop,Low Crop Diversity,,,,-95.6659,39.3795,SS1,SS1_J ,Spring,4/12/2024,0,8,6.3,6.8,0.14,NONE,2.9,117,7.1,0.69,44.6,8.4,0.86,2762,416,18,20,12,1,69,17,0,12,4.51,203,20.3,10,,28,33,1.1,59,45,25.9,12.52,29,20.3,0,5.4,4.8,,10,2.5,7.5,53,710,176,88,7.8,0.59,4.3,0.12,135,21,3122.581028,1.668497821,36.45,1138.222723,8.77,273.8929123,20.98,655.0516443,0,0,6.97,217.677787,1.81,56.48225098,5.16,161.195536,1.71,53.51418734,483.1710792,15.47,46.09,1439.273418,0.191243579,0.047015568,0.737607612,2.38872246,7.930240433,2.289260143,0.589746683,6.39,4.11,14,48,38,Silty Clay Loam,2.63
54213,Corn,,Conventional Till,,No Cover Crop,Low Crop Diversity,,,,-95.6642,39.3794,SS1,SS1_K,Spring,4/12/2024,0,8,7,7.2,0.13,LOW,3.2,97,5.9,0.85,24.5,4.4,0.69,3318,364,23,20,0,1,83,15,1,8,6.22,216,25.5,8.47,,41,47,2.4,95,62,34.1,16.45,44.1,25.5,0,9.4,4.2,,9,2.3,6.7,40,890,153,58,9,0.42,2.4,0.14,127,29,3365.788859,1.796764356,34.44,1159.114796,7.13,240.0151816,20.99,706.4988906,0,0,12.74,428.85087,1.95,65.54361789,10.79,363.3072521,1.7,57.16454514,452.6159056,13.45,43.99,1480.643466,0.369981361,0.049317415,0.640646308,1.807804522,4.387033399,2.434848485,0.696446474,11.75,9.75,22,40,38,Clay Loam,3.08
54241,"Warm season: Millet Pearl, Buckwheat sunflower, Egyptian wheat, Sorghum Sudan (3 varieties); Cold Season: Season Cereal Rye, Hairy Vetch, Winter Peas, Wheat and Barley",Drilled,No-Till,Pawnee Clay Loam (7501),Cover Crop,High Crop Diversity,Grazing,No Fertilization,,-95.7582,39.5109,W1,W1_A ,Spring,4/12/2024,0,8,7,7.2,0.16,LOW,3.7,173,9.1,1.94,34.5,4.6,0.93,3179,361,9,19.4,0,2,82,16,0,14,7.63,258,27,9.56,,49,52,0.7,204,63,35.4,24.75,79.1,27,0,3.4,3.1,,7,1.7,5.3,63,755,112,96,8.5,0.52,3.8,0.09,141,26,4629.628546,1.921333268,41.05,1900.409476,10.15,470.1082188,27.33,1265.077508,0,0,13.37,618.7774203,3.45,159.5788242,9.92,459.1985961,2.08,96.16847031,635.3319684,13.72,33.35,1544.164961,0.325602155,0.050604078,0.502207939,1.460296824,5.613847013,3.509277667,1.189642477,10.75,3.85,12,46,42,Silty Clay,4.44
54242,"Warm season: Millet Pearl, Buckwheat sunflower, Egyptian wheat, Sorghum Sudan (3 varieties); Cold Season: Season Cereal Rye, Hairy Vetch, Winter Peas, Wheat and Barley",Drilled,No-Till,Pawnee Clay Loam (7501),Cover Crop,High Crop Diversity,Grazing,No Fertilization,,-95.7588,39.5099,W1,W1_B ,Spring,4/12/2024,0,8,6.9,7.2,0.11,LOW,4.3,258,9,7.94,73.2,6.3,1.29,3211,420,71,20.5,0,3,78,17,2,55,4.8,305,28,10.89,,37,41,0.9,292,52,33.7,30,95.7,28,0,9.2,3.3,,11,3.6,7.4,68,1051,158,75,11.1,0.85,3.8,0.18,158,19,5748.375991,1.902046511,38.5,2213.362349,11.22,645.1864363,23.92,1375.146161,0,0,13.06,750.5521632,2.57,147.5899701,10.49,602.9621931,1.68,96.36871508,838.2161881,14.58,35.54,2042.906327,0.339100448,0.043539511,0.609546979,1.770395105,3.478970544,2.974524248,0.92977386,6.59,2.85,6,56,38,Silty Clay Loam,4.13
54243,"Warm season: Millet Pearl, Buckwheat sunflower, Egyptian wheat, Sorghum Sudan (3 varieties); Cold Season: Season Cereal Rye, Hairy Vetch, Winter Peas, Wheat and Barley",Drilled,No-Till,Pawnee Clay Loam (7501),Cover Crop,High Crop Diversity,Grazing,No Fertilization,,-95.7578,39.5099,W1,W1_C ,Spring,4/12/2024,0,8,7.1,7.2,0.1,LOW,4.4,398,9.9,5.25,60.3,3.5,1.3,4198,376,12,25.2,0,4,83,12,0,96,4.02,292,27.5,10.62,,47,49,0.6,234,57,32.1,27.04,80.3,27.5,0,4.3,3.2,,62,50.2,11.8,138,1416,143,101,14.4,1.73,3.5,0.26,155,21,5155.293113,1.892067851,41.01,2114.342629,11.64,600.142288,25.99,1339.954468,0,0,11.37,586.1980649,3.46,178.2868526,7.91,407.9112123,1.88,97.09732499,774.3881616,15.02,34.09,1757.512806,0.277248378,0.045923174,0.57792125,1.669574873,13.37300502,3.441107185,1.254055757,6.03,2.58,4,50,46,Silty Clay,3.96
54244,"Warm season: Millet Pearl, Buckwheat sunflower, Egyptian wheat, Sorghum Sudan (3 varieties); Cold Season: Season Cereal Rye, Hairy Vetch, Winter Peas, Wheat and Barley",Drilled,No-Till,Pawnee Clay Loam (7501),Cover Crop,High Crop Diversity,Grazing,No Fertilization,,-95.7591,39.5089,W1,W1_D ,Spring,4/12/2024,0,8,6.8,7.2,0.1,NONE,4,200,9.1,2.6,51.4,7.3,1.29,3527,495,35,22.4,0,2,79,18,1,21,1.29,304,27.1,11.22,,51,53,0.01,251,64,28.5,28.08,82.5,27.1,0,2.3,5.9,,20,9.3,10.7,78,922,156,92,10.6,1.04,4.3,0.19,160,43,5380.259708,1.883832338,38.29,2060.057435,9.89,531.8703958,24.07,1295.292796,0,0,12.55,675.2715695,2.67,143.588463,9.88,531.6831065,2.07,111.4371332,764.7646398,14.21,37.2,2001.623174,0.327792593,0.054094188,0.590418354,1.696050121,5.092910793,2.764582081,0.893464381,2.33,4.63,2,52,46,Silty Clay,4.59
54245,"Warm season: Millet Pearl, Buckwheat sunflower, Egyptian wheat, Sorghum Sudan (3 varieties); Cold Season: Season Cereal Rye, Hairy Vetch, Winter Peas, Wheat and Barley",Drilled,No-Till,Pawnee Clay Loam (7501),Cover Crop,High Crop Diversity,Grazing,No Fertilization,,-95.7581,39.5089,W1,W1_E ,Spring,4/12/2024,0,8,7.1,7.2,0.1,LOW,4.5,194,8.3,3.65,45,6.2,1.16,3930,444,21,23.9,0,2,82,15,0,29,1.09,291,25.8,11.28,,51,53,0.5,352,61,27.4,31.8,121,25.8,0,1.6,3.4,,23,12.2,10.8,66,1104,134,80,11.3,1.07,3.8,0.18,158,30,6009.319899,1.951194438,43.51,2614.483627,9.28,557.9030227,28.19,1694.143577,0,0,14.49,870.6549118,3.41,204.6914358,11.08,665.9634761,2.21,132.7141058,920.3400504,15.32,30.51,1833.564232,0.333012187,0.050761116,0.543247965,1.36768813,5.080209719,3.498825372,1.355035029,1.93,3.24,4,52,44,Silty Clay,6.15
54246,"Warm season: Millet Pearl, Buckwheat sunflower, Egyptian wheat, Sorghum Sudan (3 varieties); Cold Season: Season Cereal Rye, Hairy Vetch, Winter Peas, Wheat and Barley",Drilled,No-Till,Pawnee Clay Loam (7501),Cover Crop,High Crop Diversity,Grazing,No Fertilization,,-95.7591,39.5079,W1,W1_F ,Spring,4/12/2024,0,8,6.7,7.2,0.13,NONE,4,204,8.2,1.42,42.1,6.6,1.12,3735,505,17,23.5,0,2,80,18,0,12,1.61,267,23.6,11.31,,62,63,0.4,284,71,25.5,28.46,106.2,23.6,0,2.1,2.7,,9,2.9,6.1,62,864,149,70,9.5,0.5,2.7,0.15,149,26,5731.473988,1.909495507,39.61,2270.433526,9.13,523.4971098,24.28,1391.849711,0,0,13.47,772.0809249,2.74,157.1676301,10.73,614.9132948,2.17,124.2774566,878.583815,15.33,35.45,2031.705202,0.340058811,0.054737324,0.631234686,1.572235855,10.13774793,2.837941418,0.878160498,1.86,3.18,8,48,44,Silty Clay,4.98
54248,"Warm season: Millet Pearl, Buckwheat sunflower, Egyptian wheat, Sorghum Sudan (3 varieties); Cold Season: Season Cereal Rye, Hairy Vetch, Winter Peas, Wheat and Barley",Drilled,No-Till,Pawnee Clay Loam (7501),Cover Crop,High Crop Diversity,Grazing,No Fertilization,,-95.7591,39.5072,W1,W1_G ,Spring,4/12/2024,0,8,7,7.2,0.11,LOW,4.3,191,7.7,1.91,40.6,5.5,0.95,3783,407,20,22.9,0,2,83,15,0,21,1.13,302,25.8,11.71,,50,51,0.8,122,57,27.7,20.3,40.4,25.8,0,1.9,3.1,,16,6.7,9.3,64,1105,134,65,11.6,0.64,3,0.16,155,28,6053.895137,1.946297889,41.97,2540.954142,9.98,604.2725826,27.96,1692.856776,0,0,15.08,912.9820777,2.88,174.5750526,12.2,738.4070251,1.94,117.3162841,848.0973656,14.01,31.03,1878.370051,0.359306791,0.04617017,0.500985894,1.355937241,4.174796748,3.303172738,1.338463332,1.72,4.87,6,52,42,Silty Clay,5.08
54249,"Warm season: Millet Pearl, Buckwheat sunflower, Egyptian wheat, Sorghum Sudan (3 varieties); Cold Season: Season Cereal Rye, Hairy Vetch, Winter Peas, Wheat and Barley",Drilled,No-Till,Pawnee Clay Loam (7501),Cover Crop,High Crop Diversity,Grazing,No Fertilization,,-95.7581,39.5079,W1,W1_H ,Spring,4/12/2024,0,8,7,7.2,0.14,LOW,4.2,188,6.4,2.4,37.9,5.8,0.98,3534,382,14,21.4,0,2,83,15,0,15,0.98,269,23,11.7,,50,52,0.01,227,61,24,25.77,84.5,23,0,1.6,2.5,,12,4.6,7.4,68,1027,136,65,10.5,0.75,3,0.14,143,22,4986.764628,1.880010989,40.57,2023.367461,10.23,510.0525171,25.85,1289.294998,0,0,11.88,592.6741287,2.93,146.0930455,8.96,446.5810832,1.85,92.24974802,734.072463,14.72,35.46,1768.420773,0.292914728,0.045592187,0.569359584,1.552180836,13.27943051,3.11738149,1.037384421,1.29,2.66,2,54,44,Silty Clay,4.67
